,1,2,5,10
1980-01-12,0.07865168539325842,0.02247191011235955,0.02247191011235955,0.011235955056179775
1980-01-26,0.06818181818181818,0.011363636363636364,0.011363636363636364,0.0
1980-02-09,0.05555555555555555,0.0,0.0,0.0
1980-02-23,0.054945054945054944,0.01098901098901099,0.0,0.0
1980-03-08,0.043010752688172046,0.010752688172043012,0.0,0.0
1980-03-22,0.054945054945054944,0.02197802197802198,0.01098901098901099,0.0
1980-04-19,0.08602150537634409,0.03225806451612903,0.010752688172043012,0.0
1980-05-03,0.07692307692307693,0.03296703296703297,0.01098901098901099,0.0
1980-05-17,0.08695652173913043,0.03260869565217391,0.010869565217391304,0.0
1980-05-31,0.07692307692307693,0.03296703296703297,0.01098901098901099,0.0
1980-06-14,0.056818181818181816,0.022727272727272728,0.0,0.0
1980-06-28,0.04597701149425287,0.022988505747126436,0.0,0.0
1980-07-12,0.056818181818181816,0.022727272727272728,0.0,0.0
1980-07-26,0.05813953488372093,0.023255813953488372,0.0,0.0
1980-08-09,0.045454545454545456,0.022727272727272728,0.0,0.0
1980-08-23,0.022727272727272728,0.0,0.0,0.0
1980-09-06,0.045454545454545456,0.011363636363636364,0.0,0.0
1980-09-20,0.05555555555555555,0.011111111111111112,0.0,0.0
1980-10-04,0.06666666666666667,0.011111111111111112,0.0,0.0
1980-10-18,0.07777777777777778,0.011111111111111112,0.0,0.0
1980-11-01,0.07777777777777778,0.022222222222222223,0.0,0.0
1980-11-15,0.06741573033707865,0.02247191011235955,0.0,0.0
1980-11-29,0.06593406593406594,0.01098901098901099,0.0,0.0
1980-12-13,0.0898876404494382,0.011235955056179775,0.0,0.0
1980-12-27,0.0449438202247191,0.011235955056179775,0.0,0.0
1981-01-10,0.045454545454545456,0.011363636363636364,0.0,0.0
1981-01-24,0.05434782608695652,0.010869565217391304,0.0,0.0
1981-02-07,0.056179775280898875,0.011235955056179775,0.011235955056179775,0.011235955056179775
1981-02-21,0.06818181818181818,0.011363636363636364,0.011363636363636364,0.011363636363636364
1981-03-07,0.09302325581395349,0.011627906976744186,0.011627906976744186,0.011627906976744186
1981-03-21,0.11235955056179775,0.011235955056179775,0.011235955056179775,0.011235955056179775
1981-04-04,0.1111111111111111,0.011111111111111112,0.011111111111111112,0.011111111111111112
1981-04-18,0.08888888888888889,0.022222222222222223,0.011111111111111112,0.011111111111111112
1981-05-02,0.1,0.022222222222222223,0.011111111111111112,0.011111111111111112
1981-05-16,0.08888888888888889,0.022222222222222223,0.011111111111111112,0.011111111111111112
1981-05-30,0.07777777777777778,0.022222222222222223,0.0,0.0
1981-06-13,0.07865168539325842,0.02247191011235955,0.0,0.0
1981-06-27,0.07777777777777778,0.011111111111111112,0.0,0.0
1981-07-11,0.1,0.022222222222222223,0.0,0.0
1981-07-25,0.10344827586206896,0.022988505747126436,0.0,0.0
1981-08-08,0.05813953488372093,0.023255813953488372,0.0,0.0
1981-08-22,0.056818181818181816,0.022727272727272728,0.0,0.0
1981-09-05,0.0449438202247191,0.011235955056179775,0.0,0.0
1981-09-19,0.022727272727272728,0.011363636363636364,0.0,0.0
1981-10-03,0.011111111111111112,0.011111111111111112,0.0,0.0
1981-10-17,0.010869565217391304,0.010869565217391304,0.0,0.0
1981-10-31,0.010526315789473684,0.010526315789473684,0.0,0.0
1981-11-14,0.010416666666666666,0.010416666666666666,0.0,0.0
1981-11-28,0.010638297872340425,0.010638297872340425,0.0,0.0
1981-12-12,0.021505376344086023,0.010752688172043012,0.0,0.0
1981-12-26,0.010638297872340425,0.0,0.0,0.0
1982-01-09,0.010638297872340425,0.0,0.0,0.0
1982-01-23,0.031578947368421054,0.0,0.0,0.0
1982-02-06,0.03260869565217391,0.0,0.0,0.0
1982-02-20,0.04395604395604396,0.0,0.0,0.0
1982-03-06,0.04395604395604396,0.0,0.0,0.0
1982-03-20,0.054945054945054944,0.01098901098901099,0.0,0.0
1982-04-03,0.033707865168539325,0.011235955056179775,0.0,0.0
1982-04-17,0.033707865168539325,0.011235955056179775,0.0,0.0
1982-05-01,0.03225806451612903,0.010752688172043012,0.0,0.0
1982-05-15,0.03225806451612903,0.010752688172043012,0.0,0.0
1982-05-29,0.03225806451612903,0.010752688172043012,0.0,0.0
1982-06-12,0.021052631578947368,0.0,0.0,0.0
1982-06-26,0.01098901098901099,0.0,0.0,0.0
1982-07-10,0.010752688172043012,0.0,0.0,0.0
1982-07-24,0.022222222222222223,0.011111111111111112,0.0,0.0
1982-08-07,0.02197802197802198,0.01098901098901099,0.0,0.0
1982-08-21,0.054945054945054944,0.01098901098901099,0.0,0.0
1982-09-04,0.07692307692307693,0.01098901098901099,0.0,0.0
1982-09-18,0.06593406593406594,0.01098901098901099,0.0,0.0
1982-10-02,0.06521739130434782,0.010869565217391304,0.0,0.0
1982-10-16,0.06315789473684211,0.010526315789473684,0.0,0.0
1982-10-30,0.05319148936170213,0.010638297872340425,0.0,0.0
1982-11-13,0.04395604395604396,0.01098901098901099,0.0,0.0
1982-11-27,0.043478260869565216,0.010869565217391304,0.0,0.0
1982-12-11,0.044444444444444446,0.0,0.0,0.0
1982-12-25,0.03333333333333333,0.0,0.0,0.0
1983-01-08,0.044444444444444446,0.011111111111111112,0.0,0.0
1983-01-22,0.0449438202247191,0.011235955056179775,0.0,0.0
1983-02-05,0.033707865168539325,0.011235955056179775,0.0,0.0
1983-02-19,0.03296703296703297,0.01098901098901099,0.0,0.0
1983-03-05,0.04395604395604396,0.01098901098901099,0.0,0.0
1983-03-19,0.04395604395604396,0.01098901098901099,0.0,0.0
1983-04-02,0.054945054945054944,0.01098901098901099,0.0,0.0
1983-04-16,0.05555555555555555,0.011111111111111112,0.0,0.0
1983-04-30,0.06521739130434782,0.010869565217391304,0.0,0.0
1983-05-14,0.06521739130434782,0.010869565217391304,0.0,0.0
1983-05-28,0.05263157894736842,0.010526315789473684,0.0,0.0
1983-06-11,0.052083333333333336,0.010416666666666666,0.0,0.0
1983-06-25,0.05154639175257732,0.010309278350515464,0.0,0.0
1983-07-09,0.020202020202020204,0.0,0.0,0.0
1983-07-23,0.020202020202020204,0.0,0.0,0.0
1983-08-06,0.010101010101010102,0.0,0.0,0.0
1983-08-20,0.020618556701030927,0.0,0.0,0.0
1983-09-03,0.03125,0.0,0.0,0.0
1983-09-17,0.03125,0.0,0.0,0.0
1983-10-01,0.031578947368421054,0.0,0.0,0.0
1983-10-15,0.031578947368421054,0.0,0.0,0.0
1983-10-29,0.03225806451612903,0.0,0.0,0.0
1983-11-12,0.042105263157894736,0.0,0.0,0.0
1983-11-26,0.043478260869565216,0.010869565217391304,0.010869565217391304,0.010869565217391304
1983-12-10,0.044444444444444446,0.011111111111111112,0.011111111111111112,0.011111111111111112
1983-12-24,0.05555555555555555,0.011111111111111112,0.011111111111111112,0.0
1984-01-07,0.056179775280898875,0.011235955056179775,0.011235955056179775,0.0
1984-01-21,0.06593406593406594,0.01098901098901099,0.01098901098901099,0.0
1984-02-04,0.07526881720430108,0.010752688172043012,0.010752688172043012,0.0
1984-02-18,0.07446808510638298,0.010638297872340425,0.010638297872340425,0.0
1984-03-03,0.0851063829787234,0.031914893617021274,0.02127659574468085,0.0
1984-03-17,0.07291666666666667,0.03125,0.020833333333333332,0.0
1984-03-31,0.07291666666666667,0.03125,0.020833333333333332,0.0
1984-04-14,0.08333333333333333,0.03125,0.020833333333333332,0.0
1984-04-28,0.08247422680412371,0.030927835051546393,0.020618556701030927,0.0
1984-05-12,0.0967741935483871,0.03225806451612903,0.021505376344086023,0.0
1984-05-26,0.09782608695652174,0.03260869565217391,0.021739130434782608,0.0
1984-06-09,0.07692307692307693,0.03296703296703297,0.02197802197802198,0.0
1984-06-23,0.05434782608695652,0.021739130434782608,0.010869565217391304,0.0
1984-07-07,0.043478260869565216,0.010869565217391304,0.0,0.0
1984-07-21,0.043478260869565216,0.010869565217391304,0.0,0.0
1984-08-04,0.04395604395604396,0.01098901098901099,0.0,0.0
1984-08-18,0.03225806451612903,0.0,0.0,0.0
1984-09-01,0.03225806451612903,0.0,0.0,0.0
1984-09-15,0.031914893617021274,0.0,0.0,0.0
1984-09-29,0.031578947368421054,0.0,0.0,0.0
1984-10-13,0.031914893617021274,0.010638297872340425,0.0,0.0
1984-10-27,0.07446808510638298,0.031914893617021274,0.010638297872340425,0.010638297872340425
1984-11-10,0.07368421052631578,0.031578947368421054,0.010526315789473684,0.010526315789473684
1984-11-24,0.07216494845360824,0.030927835051546393,0.010309278350515464,0.010309278350515464
1984-12-08,0.07142857142857142,0.030612244897959183,0.01020408163265306,0.01020408163265306
1984-12-22,0.07142857142857142,0.030612244897959183,0.01020408163265306,0.01020408163265306
1985-01-05,0.08163265306122448,0.030612244897959183,0.01020408163265306,0.01020408163265306
1985-01-19,0.07216494845360824,0.030927835051546393,0.010309278350515464,0.010309278350515464
1985-02-02,0.061855670103092786,0.020618556701030927,0.010309278350515464,0.010309278350515464
1985-02-16,0.052083333333333336,0.010416666666666666,0.0,0.0
1985-03-02,0.05263157894736842,0.021052631578947368,0.0,0.0
1985-03-16,0.05263157894736842,0.021052631578947368,0.0,0.0
1985-03-30,0.08421052631578947,0.021052631578947368,0.0,0.0
1985-04-13,0.08421052631578947,0.021052631578947368,0.0,0.0
1985-04-27,0.09473684210526316,0.021052631578947368,0.0,0.0
1985-05-11,0.0967741935483871,0.03225806451612903,0.0,0.0
1985-05-25,0.06382978723404255,0.02127659574468085,0.0,0.0
1985-06-08,0.05263157894736842,0.010526315789473684,0.0,0.0
1985-06-22,0.0625,0.010416666666666666,0.0,0.0
1985-07-06,0.061855670103092786,0.010309278350515464,0.0,0.0
1985-07-20,0.06315789473684211,0.010526315789473684,0.0,0.0
1985-08-03,0.05263157894736842,0.010526315789473684,0.0,0.0
1985-08-17,0.041666666666666664,0.010416666666666666,0.0,0.0
1985-08-31,0.031914893617021274,0.010638297872340425,0.0,0.0
1985-09-14,0.021505376344086023,0.010752688172043012,0.0,0.0
1985-09-28,0.02127659574468085,0.010638297872340425,0.0,0.0
1985-10-12,0.03125,0.010416666666666666,0.0,0.0
1985-10-26,0.041666666666666664,0.010416666666666666,0.0,0.0
1985-11-09,0.041666666666666664,0.010416666666666666,0.0,0.0
1985-11-23,0.05263157894736842,0.010526315789473684,0.0,0.0
1985-12-07,0.031914893617021274,0.0,0.0,0.0
1985-12-21,0.03225806451612903,0.0,0.0,0.0
1986-01-04,0.043010752688172046,0.0,0.0,0.0
1986-01-18,0.053763440860215055,0.0,0.0,0.0
1986-02-01,0.0425531914893617,0.0,0.0,0.0
1986-02-15,0.043010752688172046,0.0,0.0,0.0
1986-03-01,0.0425531914893617,0.0,0.0,0.0
1986-03-15,0.031914893617021274,0.0,0.0,0.0
1986-03-29,0.041237113402061855,0.0,0.0,0.0
1986-04-12,0.04081632653061224,0.0,0.0,0.0
1986-04-26,0.05102040816326531,0.02040816326530612,0.01020408163265306,0.01020408163265306
1986-05-10,0.07216494845360824,0.020618556701030927,0.010309278350515464,0.010309278350515464
1986-05-24,0.07216494845360824,0.020618556701030927,0.010309278350515464,0.010309278350515464
1986-06-07,0.06315789473684211,0.021052631578947368,0.010526315789473684,0.010526315789473684
1986-06-21,0.05263157894736842,0.010526315789473684,0.010526315789473684,0.010526315789473684
1986-07-05,0.04395604395604396,0.01098901098901099,0.01098901098901099,0.01098901098901099
1986-07-19,0.0449438202247191,0.011235955056179775,0.011235955056179775,0.011235955056179775
1986-08-02,0.03333333333333333,0.0,0.0,0.0
1986-08-16,0.03333333333333333,0.0,0.0,0.0
1986-08-30,0.02247191011235955,0.0,0.0,0.0
1986-09-13,0.033707865168539325,0.0,0.0,0.0
1986-09-27,0.054945054945054944,0.0,0.0,0.0
1986-10-11,0.05434782608695652,0.0,0.0,0.0
1986-10-25,0.07526881720430108,0.021505376344086023,0.0,0.0
1986-11-08,0.10416666666666667,0.020833333333333332,0.0,0.0
1986-11-22,0.09375,0.020833333333333332,0.0,0.0
1986-12-06,0.10101010101010101,0.020202020202020204,0.0,0.0
1986-12-20,0.10204081632653061,0.02040816326530612,0.0,0.0
1987-01-03,0.10309278350515463,0.020618556701030927,0.0,0.0
1987-01-17,0.10204081632653061,0.02040816326530612,0.0,0.0
1987-01-31,0.07216494845360824,0.010309278350515464,0.0,0.0
1987-02-14,0.041237113402061855,0.010309278350515464,0.0,0.0
1987-02-28,0.010638297872340425,0.010638297872340425,0.0,0.0
1987-03-14,0.010638297872340425,0.010638297872340425,0.0,0.0
1987-03-28,0.010526315789473684,0.010526315789473684,0.0,0.0
1987-04-11,0.0,0.0,0.0,0.0
1987-04-25,0.02127659574468085,0.010638297872340425,0.0,0.0
1987-05-09,0.031578947368421054,0.010526315789473684,0.0,0.0
1987-05-23,0.031578947368421054,0.010526315789473684,0.0,0.0
1987-06-06,0.03125,0.010416666666666666,0.0,0.0
1987-06-20,0.02127659574468085,0.0,0.0,0.0
1987-07-04,0.031914893617021274,0.0,0.0,0.0
1987-07-18,0.06521739130434782,0.010869565217391304,0.010869565217391304,0.0
1987-08-01,0.06521739130434782,0.0,0.0,0.0
1987-08-15,0.054945054945054944,0.0,0.0,0.0
1987-08-29,0.043478260869565216,0.0,0.0,0.0
1987-09-12,0.031914893617021274,0.0,0.0,0.0
1987-09-26,0.03225806451612903,0.0,0.0,0.0
1987-10-10,0.0425531914893617,0.0,0.0,0.0
1987-10-24,0.043010752688172046,0.0,0.0,0.0
1987-11-07,0.02197802197802198,0.0,0.0,0.0
1987-11-21,0.011235955056179775,0.0,0.0,0.0
1987-12-05,0.011494252873563218,0.0,0.0,0.0
1987-12-19,0.02247191011235955,0.011235955056179775,0.0,0.0
1988-01-02,0.022222222222222223,0.011111111111111112,0.0,0.0
1988-01-16,0.02197802197802198,0.01098901098901099,0.0,0.0
1988-01-30,0.011235955056179775,0.011235955056179775,0.0,0.0
1988-02-13,0.033707865168539325,0.02247191011235955,0.0,0.0
1988-02-27,0.03333333333333333,0.022222222222222223,0.0,0.0
1988-03-12,0.047058823529411764,0.023529411764705882,0.0,0.0
1988-03-26,0.05813953488372093,0.023255813953488372,0.0,0.0
1988-04-09,0.05813953488372093,0.023255813953488372,0.0,0.0
1988-04-23,0.056818181818181816,0.011363636363636364,0.0,0.0
1988-05-07,0.0449438202247191,0.011235955056179775,0.0,0.0
1988-05-21,0.05555555555555555,0.022222222222222223,0.0,0.0
1988-06-04,0.06382978723404255,0.02127659574468085,0.0,0.0
1988-06-18,0.07291666666666667,0.010416666666666666,0.0,0.0
1988-07-02,0.08163265306122448,0.01020408163265306,0.0,0.0
1988-07-16,0.07,0.01,0.0,0.0
1988-07-30,0.0707070707070707,0.020202020202020204,0.0,0.0
1988-08-13,0.0707070707070707,0.020202020202020204,0.0,0.0
1988-08-27,0.08247422680412371,0.020618556701030927,0.0,0.0
1988-09-10,0.07216494845360824,0.020618556701030927,0.0,0.0
1988-09-24,0.061855670103092786,0.020618556701030927,0.0,0.0
1988-10-08,0.061855670103092786,0.010309278350515464,0.0,0.0
1988-10-22,0.06521739130434782,0.010869565217391304,0.0,0.0
1988-11-05,0.06521739130434782,0.021739130434782608,0.010869565217391304,0.010869565217391304
1988-11-19,0.05434782608695652,0.010869565217391304,0.010869565217391304,0.010869565217391304
1988-12-03,0.05434782608695652,0.010869565217391304,0.010869565217391304,0.010869565217391304
1988-12-17,0.0898876404494382,0.0449438202247191,0.02247191011235955,0.011235955056179775
1988-12-31,0.07777777777777778,0.044444444444444446,0.022222222222222223,0.011111111111111112
1989-01-14,0.07692307692307693,0.04395604395604396,0.02197802197802198,0.01098901098901099
1989-01-28,0.09574468085106383,0.031914893617021274,0.010638297872340425,0.0
1989-02-11,0.09574468085106383,0.031914893617021274,0.010638297872340425,0.0
1989-02-25,0.08695652173913043,0.021739130434782608,0.021739130434782608,0.0
1989-03-11,0.07692307692307693,0.02197802197802198,0.02197802197802198,0.0
1989-03-25,0.07777777777777778,0.022222222222222223,0.022222222222222223,0.0
1989-04-08,0.06593406593406594,0.02197802197802198,0.02197802197802198,0.0
1989-04-22,0.044444444444444446,0.022222222222222223,0.022222222222222223,0.0
1989-05-06,0.05555555555555555,0.022222222222222223,0.022222222222222223,0.0
1989-05-20,0.043478260869565216,0.021739130434782608,0.021739130434782608,0.0
1989-06-03,0.021739130434782608,0.0,0.0,0.0
1989-06-17,0.043010752688172046,0.010752688172043012,0.010752688172043012,0.0
1989-07-01,0.043478260869565216,0.010869565217391304,0.010869565217391304,0.0
1989-07-15,0.043478260869565216,0.010869565217391304,0.0,0.0
1989-07-29,0.06315789473684211,0.010526315789473684,0.0,0.0
1989-08-12,0.05154639175257732,0.010309278350515464,0.0,0.0
1989-08-26,0.07142857142857142,0.01020408163265306,0.0,0.0
1989-09-09,0.0625,0.010416666666666666,0.010416666666666666,0.0
1989-09-23,0.0625,0.010416666666666666,0.010416666666666666,0.0
1989-10-07,0.06315789473684211,0.010526315789473684,0.010526315789473684,0.0
1989-10-21,0.05263157894736842,0.010526315789473684,0.010526315789473684,0.0
1989-11-04,0.07446808510638298,0.0425531914893617,0.010638297872340425,0.0
1989-11-18,0.09574468085106383,0.05319148936170213,0.010638297872340425,0.0
1989-12-02,0.08421052631578947,0.042105263157894736,0.010526315789473684,0.0
1989-12-16,0.09473684210526316,0.042105263157894736,0.010526315789473684,0.0
1989-12-30,0.09473684210526316,0.042105263157894736,0.010526315789473684,0.0
1990-01-13,0.09782608695652174,0.03260869565217391,0.010869565217391304,0.0
1990-01-27,0.0989010989010989,0.03296703296703297,0.01098901098901099,0.0
1990-02-10,0.08888888888888889,0.03333333333333333,0.011111111111111112,0.0
1990-02-24,0.0898876404494382,0.033707865168539325,0.011235955056179775,0.0
1990-03-10,0.0989010989010989,0.04395604395604396,0.01098901098901099,0.0
1990-03-24,0.09782608695652174,0.03260869565217391,0.010869565217391304,0.0
1990-04-07,0.08695652173913043,0.021739130434782608,0.0,0.0
1990-04-21,0.0967741935483871,0.03225806451612903,0.0,0.0
1990-05-05,0.06382978723404255,0.031914893617021274,0.0,0.0
1990-05-19,0.053763440860215055,0.03225806451612903,0.0,0.0
1990-06-02,0.053763440860215055,0.021505376344086023,0.0,0.0
1990-06-16,0.043478260869565216,0.010869565217391304,0.0,0.0
1990-06-30,0.07526881720430108,0.03225806451612903,0.0,0.0
1990-07-14,0.10752688172043011,0.043010752688172046,0.0,0.0
1990-07-28,0.13186813186813187,0.054945054945054944,0.0,0.0
1990-08-11,0.12087912087912088,0.04395604395604396,0.0,0.0
1990-08-25,0.10989010989010989,0.04395604395604396,0.0,0.0
1990-09-08,0.11827956989247312,0.053763440860215055,0.0,0.0
1990-09-22,0.1276595744680851,0.05319148936170213,0.0,0.0
1990-10-06,0.13541666666666666,0.052083333333333336,0.0,0.0
1990-10-20,0.125,0.03125,0.0,0.0
1990-11-03,0.13978494623655913,0.03225806451612903,0.0,0.0
1990-11-17,0.11956521739130435,0.021739130434782608,0.0,0.0
1990-12-01,0.0989010989010989,0.02197802197802198,0.0,0.0
1990-12-15,0.10869565217391304,0.021739130434782608,0.0,0.0
1990-12-29,0.09782608695652174,0.021739130434782608,0.0,0.0
1991-01-12,0.12087912087912088,0.03296703296703297,0.01098901098901099,0.0
1991-01-26,0.10989010989010989,0.03296703296703297,0.01098901098901099,0.0
1991-02-09,0.08888888888888889,0.022222222222222223,0.011111111111111112,0.0
1991-02-23,0.09090909090909091,0.011363636363636364,0.011363636363636364,0.0
1991-03-09,0.07058823529411765,0.03529411764705882,0.023529411764705882,0.0
1991-03-23,0.07954545454545454,0.045454545454545456,0.03409090909090909,0.011363636363636364
1991-04-06,0.09090909090909091,0.056818181818181816,0.045454545454545456,0.022727272727272728
1991-04-20,0.11494252873563218,0.06896551724137931,0.04597701149425287,0.022988505747126436
1991-05-04,0.09302325581395349,0.046511627906976744,0.03488372093023256,0.011627906976744186
1991-05-18,0.09411764705882353,0.047058823529411764,0.03529411764705882,0.011764705882352941
1991-06-01,0.08045977011494253,0.04597701149425287,0.034482758620689655,0.011494252873563218
1991-06-15,0.058823529411764705,0.03529411764705882,0.023529411764705882,0.011764705882352941
1991-06-29,0.04597701149425287,0.034482758620689655,0.011494252873563218,0.0
1991-07-13,0.04597701149425287,0.034482758620689655,0.0,0.0
1991-07-27,0.09090909090909091,0.045454545454545456,0.0,0.0
1991-08-10,0.09090909090909091,0.03409090909090909,0.0,0.0
1991-08-24,0.125,0.056818181818181816,0.011363636363636364,0.011363636363636364
1991-09-07,0.16091954022988506,0.09195402298850575,0.022988505747126436,0.011494252873563218
1991-09-21,0.17045454545454544,0.10227272727272728,0.022727272727272728,0.011363636363636364
1991-10-05,0.17045454545454544,0.10227272727272728,0.03409090909090909,0.022727272727272728
1991-10-19,0.2,0.1111111111111111,0.03333333333333333,0.022222222222222223
1991-11-02,0.13829787234042554,0.05319148936170213,0.010638297872340425,0.010638297872340425
1991-11-16,0.10752688172043011,0.03225806451612903,0.010752688172043012,0.010752688172043012
1991-11-30,0.0967741935483871,0.03225806451612903,0.010752688172043012,0.010752688172043012
1991-12-14,0.12087912087912088,0.04395604395604396,0.02197802197802198,0.02197802197802198
1991-12-28,0.15384615384615385,0.054945054945054944,0.02197802197802198,0.02197802197802198
1992-01-11,0.18181818181818182,0.06818181818181818,0.022727272727272728,0.022727272727272728
1992-01-25,0.13636363636363635,0.056818181818181816,0.022727272727272728,0.022727272727272728
1992-02-08,0.0989010989010989,0.054945054945054944,0.03296703296703297,0.03296703296703297
1992-02-22,0.10989010989010989,0.054945054945054944,0.03296703296703297,0.03296703296703297
1992-03-07,0.10989010989010989,0.06593406593406594,0.03296703296703297,0.03296703296703297
1992-03-21,0.16483516483516483,0.08791208791208792,0.04395604395604396,0.04395604395604396
1992-04-04,0.15555555555555556,0.07777777777777778,0.03333333333333333,0.03333333333333333
1992-04-18,0.18681318681318682,0.10989010989010989,0.06593406593406594,0.054945054945054944
1992-05-02,0.17204301075268819,0.08602150537634409,0.053763440860215055,0.043010752688172046
1992-05-16,0.17204301075268819,0.07526881720430108,0.043010752688172046,0.043010752688172046
1992-05-30,0.1702127659574468,0.0851063829787234,0.05319148936170213,0.0425531914893617
1992-06-13,0.1935483870967742,0.0967741935483871,0.053763440860215055,0.043010752688172046
1992-06-27,0.18085106382978725,0.07446808510638298,0.031914893617021274,0.02127659574468085
1992-07-11,0.22826086956521738,0.10869565217391304,0.03260869565217391,0.021739130434782608
1992-07-25,0.26373626373626374,0.12087912087912088,0.04395604395604396,0.03296703296703297
1992-08-08,0.23333333333333334,0.12222222222222222,0.044444444444444446,0.03333333333333333
1992-08-22,0.2222222222222222,0.1111111111111111,0.03333333333333333,0.022222222222222223
1992-09-05,0.2,0.1,0.022222222222222223,0.022222222222222223
1992-09-19,0.18888888888888888,0.1,0.011111111111111112,0.011111111111111112
1992-10-03,0.17777777777777778,0.1,0.022222222222222223,0.022222222222222223
1992-10-17,0.15217391304347827,0.11956521739130435,0.021739130434782608,0.010869565217391304
1992-10-31,0.15053763440860216,0.11827956989247312,0.021505376344086023,0.010752688172043012
1992-11-14,0.15789473684210525,0.11578947368421053,0.021052631578947368,0.010526315789473684
1992-11-28,0.15625,0.09375,0.010416666666666666,0.0
1992-12-12,0.1595744680851064,0.0851063829787234,0.010638297872340425,0.0
1992-12-26,0.16483516483516483,0.08791208791208792,0.0,0.0
1993-01-09,0.18681318681318682,0.10989010989010989,0.01098901098901099,0.01098901098901099
1993-01-23,0.1935483870967742,0.10752688172043011,0.010752688172043012,0.010752688172043012
1993-02-06,0.22580645161290322,0.12903225806451613,0.03225806451612903,0.03225806451612903
1993-02-20,0.2127659574468085,0.10638297872340426,0.031914893617021274,0.031914893617021274
1993-03-06,0.22340425531914893,0.11702127659574468,0.0425531914893617,0.0425531914893617
1993-03-20,0.21739130434782608,0.10869565217391304,0.03260869565217391,0.03260869565217391
1993-04-03,0.2608695652173913,0.16304347826086957,0.06521739130434782,0.043478260869565216
1993-04-17,0.24175824175824176,0.15384615384615385,0.054945054945054944,0.03296703296703297
1993-05-01,0.2,0.13333333333333333,0.03333333333333333,0.022222222222222223
1993-05-15,0.20430107526881722,0.15053763440860216,0.043010752688172046,0.03225806451612903
1993-05-29,0.20430107526881722,0.12903225806451613,0.043010752688172046,0.03225806451612903
1993-06-12,0.19148936170212766,0.11702127659574468,0.0425531914893617,0.031914893617021274
1993-06-26,0.23404255319148937,0.1595744680851064,0.07446808510638298,0.031914893617021274
1993-07-10,0.2631578947368421,0.2,0.09473684210526316,0.031578947368421054
1993-07-24,0.24731182795698925,0.1827956989247312,0.0967741935483871,0.021505376344086023
1993-08-07,0.2391304347826087,0.17391304347826086,0.08695652173913043,0.03260869565217391
1993-08-21,0.21739130434782608,0.17391304347826086,0.09782608695652174,0.043478260869565216
1993-09-04,0.20652173913043478,0.16304347826086957,0.08695652173913043,0.03260869565217391
1993-09-18,0.1702127659574468,0.13829787234042554,0.07446808510638298,0.031914893617021274
1993-10-02,0.17708333333333334,0.14583333333333334,0.08333333333333333,0.041666666666666664
1993-10-16,0.21052631578947367,0.18947368421052632,0.10526315789473684,0.06315789473684211
1993-10-30,0.23655913978494625,0.1827956989247312,0.10752688172043011,0.06451612903225806
1993-11-13,0.23404255319148937,0.18085106382978725,0.09574468085106383,0.06382978723404255
1993-11-27,0.24468085106382978,0.18085106382978725,0.10638297872340426,0.07446808510638298
1993-12-11,0.25806451612903225,0.1935483870967742,0.11827956989247312,0.0967741935483871
1993-12-25,0.26881720430107525,0.1935483870967742,0.10752688172043011,0.08602150537634409
1994-01-08,0.28421052631578947,0.2,0.11578947368421053,0.08421052631578947
1994-01-22,0.26881720430107525,0.1827956989247312,0.0967741935483871,0.06451612903225806
1994-02-05,0.2857142857142857,0.18681318681318682,0.10989010989010989,0.07692307692307693
1994-02-19,0.27472527472527475,0.18681318681318682,0.0989010989010989,0.054945054945054944
1994-03-05,0.2765957446808511,0.1702127659574468,0.07446808510638298,0.031914893617021274
1994-03-19,0.2872340425531915,0.20212765957446807,0.09574468085106383,0.0425531914893617
1994-04-02,0.2553191489361702,0.19148936170212766,0.0851063829787234,0.031914893617021274
1994-04-16,0.25842696629213485,0.19101123595505617,0.07865168539325842,0.0449438202247191
1994-04-30,0.25,0.18181818181818182,0.07954545454545454,0.045454545454545456
1994-05-14,0.21839080459770116,0.1724137931034483,0.08045977011494253,0.04597701149425287
1994-05-28,0.20224719101123595,0.14606741573033707,0.0449438202247191,0.0449438202247191
1994-06-11,0.21978021978021978,0.17582417582417584,0.06593406593406594,0.04395604395604396
1994-06-25,0.22826086956521738,0.16304347826086957,0.05434782608695652,0.03260869565217391
1994-07-09,0.2127659574468085,0.14893617021276595,0.05319148936170213,0.031914893617021274
1994-07-23,0.24210526315789474,0.17894736842105263,0.08421052631578947,0.042105263157894736
1994-08-06,0.22916666666666666,0.16666666666666666,0.07291666666666667,0.03125
1994-08-20,0.23404255319148937,0.1595744680851064,0.0851063829787234,0.031914893617021274
1994-09-03,0.23655913978494625,0.17204301075268819,0.07526881720430108,0.021505376344086023
1994-09-17,0.25263157894736843,0.18947368421052632,0.09473684210526316,0.031578947368421054
1994-10-01,0.26804123711340205,0.1958762886597938,0.09278350515463918,0.030927835051546393
1994-10-15,0.2872340425531915,0.20212765957446807,0.10638297872340426,0.031914893617021274
1994-10-29,0.2978723404255319,0.2127659574468085,0.09574468085106383,0.031914893617021274
1994-11-12,0.2604166666666667,0.1875,0.10416666666666667,0.041666666666666664
1994-11-26,0.29347826086956524,0.20652173913043478,0.10869565217391304,0.05434782608695652
1994-12-10,0.2826086956521739,0.21739130434782608,0.11956521739130435,0.06521739130434782
1994-12-24,0.2608695652173913,0.20652173913043478,0.09782608695652174,0.05434782608695652
1995-01-07,0.24731182795698925,0.20430107526881722,0.0967741935483871,0.053763440860215055
1995-01-21,0.25555555555555554,0.2111111111111111,0.1111111111111111,0.06666666666666667
1995-02-04,0.26373626373626374,0.2087912087912088,0.12087912087912088,0.06593406593406594
1995-02-18,0.23333333333333334,0.18888888888888888,0.1,0.06666666666666667
1995-03-04,0.2857142857142857,0.21978021978021978,0.12087912087912088,0.08791208791208792
1995-03-18,0.30434782608695654,0.22826086956521738,0.14130434782608695,0.10869565217391304
1995-04-01,0.24731182795698925,0.17204301075268819,0.10752688172043011,0.053763440860215055
1995-04-15,0.25806451612903225,0.17204301075268819,0.11827956989247312,0.07526881720430108
1995-04-29,0.2391304347826087,0.15217391304347827,0.07608695652173914,0.05434782608695652
1995-05-13,0.23076923076923078,0.16483516483516483,0.07692307692307693,0.06593406593406594
1995-05-27,0.25274725274725274,0.16483516483516483,0.08791208791208792,0.06593406593406594
1995-06-10,0.2391304347826087,0.16304347826086957,0.07608695652173914,0.05434782608695652
1995-06-24,0.29347826086956524,0.1956521739130435,0.09782608695652174,0.05434782608695652
1995-07-08,0.2808988764044944,0.20224719101123595,0.10112359550561797,0.056179775280898875
1995-07-22,0.2808988764044944,0.20224719101123595,0.11235955056179775,0.06741573033707865
1995-08-05,0.2696629213483146,0.21348314606741572,0.10112359550561797,0.056179775280898875
1995-08-19,0.22988505747126436,0.16091954022988506,0.09195402298850575,0.04597701149425287
1995-09-02,0.2222222222222222,0.17777777777777778,0.08888888888888889,0.05555555555555555
1995-09-16,0.20430107526881722,0.17204301075268819,0.07526881720430108,0.053763440860215055
1995-09-30,0.2111111111111111,0.17777777777777778,0.06666666666666667,0.044444444444444446
1995-10-14,0.24175824175824176,0.1978021978021978,0.08791208791208792,0.04395604395604396
1995-10-28,0.27472527472527475,0.24175824175824176,0.0989010989010989,0.04395604395604396
1995-11-11,0.24444444444444444,0.2222222222222222,0.12222222222222222,0.06666666666666667
1995-11-25,0.22988505747126436,0.19540229885057472,0.11494252873563218,0.06896551724137931
1995-12-09,0.1797752808988764,0.14606741573033707,0.0898876404494382,0.0449438202247191
1995-12-23,0.18681318681318682,0.13186813186813187,0.07692307692307693,0.03296703296703297
1996-01-06,0.1935483870967742,0.15053763440860216,0.0967741935483871,0.043010752688172046
1996-01-20,0.1797752808988764,0.1348314606741573,0.0898876404494382,0.033707865168539325
1996-02-03,0.1797752808988764,0.1348314606741573,0.10112359550561797,0.0449438202247191
1996-02-17,0.18888888888888888,0.15555555555555556,0.08888888888888889,0.03333333333333333
1996-03-02,0.19318181818181818,0.14772727272727273,0.07954545454545454,0.03409090909090909
1996-03-16,0.2159090909090909,0.1590909090909091,0.09090909090909091,0.022727272727272728
1996-03-30,0.2247191011235955,0.15730337078651685,0.07865168539325842,0.02247191011235955
1996-04-13,0.23863636363636365,0.19318181818181818,0.10227272727272728,0.045454545454545456
1996-04-27,0.23863636363636365,0.18181818181818182,0.06818181818181818,0.03409090909090909
1996-05-11,0.25274725274725274,0.21978021978021978,0.07692307692307693,0.04395604395604396
1996-05-25,0.25,0.21739130434782608,0.07608695652173914,0.043478260869565216
1996-06-08,0.23655913978494625,0.21505376344086022,0.07526881720430108,0.043010752688172046
1996-06-22,0.25806451612903225,0.22580645161290322,0.08602150537634409,0.053763440860215055
1996-07-06,0.23333333333333334,0.18888888888888888,0.06666666666666667,0.03333333333333333
1996-07-20,0.2111111111111111,0.18888888888888888,0.07777777777777778,0.03333333333333333
1996-08-03,0.20689655172413793,0.1839080459770115,0.06896551724137931,0.04597701149425287
1996-08-17,0.22727272727272727,0.19318181818181818,0.07954545454545454,0.056818181818181816
1996-08-31,0.2247191011235955,0.19101123595505617,0.07865168539325842,0.0449438202247191
1996-09-14,0.23333333333333334,0.2111111111111111,0.1,0.044444444444444446
1996-09-28,0.19318181818181818,0.17045454545454544,0.11363636363636363,0.056818181818181816
1996-10-12,0.21348314606741572,0.16853932584269662,0.11235955056179775,0.056179775280898875
1996-10-26,0.18888888888888888,0.16666666666666666,0.1111111111111111,0.05555555555555555
1996-11-09,0.1935483870967742,0.17204301075268819,0.11827956989247312,0.06451612903225806
1996-11-23,0.17204301075268819,0.16129032258064516,0.10752688172043011,0.053763440860215055
1996-12-07,0.21739130434782608,0.18478260869565216,0.11956521739130435,0.05434782608695652
1996-12-21,0.18888888888888888,0.15555555555555556,0.1,0.05555555555555555
1997-01-04,0.2,0.16666666666666666,0.1111111111111111,0.06666666666666667
1997-01-18,0.21739130434782608,0.15217391304347827,0.09782608695652174,0.05434782608695652
1997-02-01,0.23863636363636365,0.17045454545454544,0.11363636363636363,0.056818181818181816
1997-02-15,0.24705882352941178,0.17647058823529413,0.11764705882352941,0.047058823529411764
1997-03-01,0.23863636363636365,0.1590909090909091,0.10227272727272728,0.045454545454545456
1997-03-15,0.24705882352941178,0.15294117647058825,0.09411764705882353,0.047058823529411764
1997-03-29,0.23529411764705882,0.1411764705882353,0.08235294117647059,0.047058823529411764
1997-04-12,0.2619047619047619,0.16666666666666666,0.09523809523809523,0.047619047619047616
1997-04-26,0.26744186046511625,0.18604651162790697,0.11627906976744186,0.046511627906976744
1997-05-10,0.26136363636363635,0.17045454545454544,0.11363636363636363,0.045454545454545456
1997-05-24,0.2159090909090909,0.13636363636363635,0.07954545454545454,0.022727272727272728
1997-06-07,0.2159090909090909,0.14772727272727273,0.09090909090909091,0.03409090909090909
1997-06-21,0.24705882352941178,0.15294117647058825,0.07058823529411765,0.047058823529411764
1997-07-05,0.2235294117647059,0.1411764705882353,0.058823529411764705,0.03529411764705882
1997-07-19,0.2,0.1411764705882353,0.058823529411764705,0.03529411764705882
1997-08-02,0.18604651162790697,0.11627906976744186,0.046511627906976744,0.023255813953488372
1997-08-16,0.21951219512195122,0.10975609756097561,0.04878048780487805,0.024390243902439025
1997-08-30,0.20930232558139536,0.09302325581395349,0.03488372093023256,0.011627906976744186
1997-09-13,0.20238095238095238,0.09523809523809523,0.03571428571428571,0.011904761904761904
1997-09-27,0.21176470588235294,0.12941176470588237,0.058823529411764705,0.023529411764705882
1997-10-11,0.2441860465116279,0.12790697674418605,0.05813953488372093,0.023255813953488372
1997-10-25,0.25301204819277107,0.13253012048192772,0.060240963855421686,0.012048192771084338
1997-11-08,0.2441860465116279,0.11627906976744186,0.05813953488372093,0.011627906976744186
1997-11-22,0.25,0.11363636363636363,0.056818181818181816,0.03409090909090909
1997-12-06,0.25806451612903225,0.13978494623655913,0.08602150537634409,0.043010752688172046
1997-12-20,0.2736842105263158,0.16842105263157894,0.09473684210526316,0.042105263157894736
1998-01-03,0.2978723404255319,0.20212765957446807,0.1276595744680851,0.07446808510638298
1998-01-17,0.30526315789473685,0.21052631578947367,0.1368421052631579,0.07368421052631578
1998-01-31,0.3333333333333333,0.2222222222222222,0.14444444444444443,0.07777777777777778
1998-02-14,0.3409090909090909,0.2159090909090909,0.125,0.06818181818181818
1998-02-28,0.30337078651685395,0.2247191011235955,0.12359550561797752,0.06741573033707865
1998-03-14,0.30337078651685395,0.20224719101123595,0.10112359550561797,0.06741573033707865
1998-03-28,0.3258426966292135,0.19101123595505617,0.07865168539325842,0.0449438202247191
1998-04-11,0.32222222222222224,0.18888888888888888,0.1,0.06666666666666667
1998-04-25,0.30434782608695654,0.17391304347826086,0.08695652173913043,0.06521739130434782
1998-05-09,0.2765957446808511,0.14893617021276595,0.0851063829787234,0.05319148936170213
1998-05-23,0.22580645161290322,0.12903225806451613,0.07526881720430108,0.053763440860215055
1998-06-06,0.2222222222222222,0.12222222222222222,0.07777777777777778,0.05555555555555555
1998-06-20,0.23333333333333334,0.1111111111111111,0.07777777777777778,0.06666666666666667
1998-07-04,0.21839080459770116,0.10344827586206896,0.06896551724137931,0.05747126436781609
1998-07-18,0.2159090909090909,0.11363636363636363,0.07954545454545454,0.056818181818181816
1998-08-01,0.21839080459770116,0.12643678160919541,0.09195402298850575,0.05747126436781609
1998-08-15,0.22093023255813954,0.12790697674418605,0.08139534883720931,0.03488372093023256
1998-08-29,0.20930232558139536,0.13953488372093023,0.06976744186046512,0.023255813953488372
1998-09-12,0.22988505747126436,0.1724137931034483,0.09195402298850575,0.04597701149425287
1998-09-26,0.2441860465116279,0.1744186046511628,0.10465116279069768,0.06976744186046512
1998-10-10,0.29411764705882354,0.21176470588235294,0.15294117647058825,0.11764705882352941
1998-10-24,0.2988505747126437,0.21839080459770116,0.14942528735632185,0.11494252873563218
1998-11-07,0.3058823529411765,0.2235294117647059,0.15294117647058825,0.12941176470588237
1998-11-21,0.3023255813953488,0.20930232558139536,0.1511627906976744,0.11627906976744186
1998-12-05,0.21739130434782608,0.13043478260869565,0.07608695652173914,0.043478260869565216
1998-12-19,0.21505376344086022,0.12903225806451613,0.06451612903225806,0.03225806451612903
1999-01-02,0.23404255319148937,0.1276595744680851,0.07446808510638298,0.031914893617021274
1999-01-16,0.24210526315789474,0.1368421052631579,0.07368421052631578,0.031578947368421054
1999-01-30,0.2736842105263158,0.14736842105263157,0.08421052631578947,0.021052631578947368
1999-02-13,0.29473684210526313,0.16842105263157894,0.08421052631578947,0.021052631578947368
1999-02-27,0.28865979381443296,0.1958762886597938,0.1134020618556701,0.041237113402061855
1999-03-13,0.28421052631578947,0.17894736842105263,0.08421052631578947,0.031578947368421054
1999-03-27,0.28421052631578947,0.18947368421052632,0.08421052631578947,0.031578947368421054
1999-04-10,0.2765957446808511,0.2127659574468085,0.09574468085106383,0.05319148936170213
1999-04-24,0.2553191489361702,0.19148936170212766,0.0851063829787234,0.05319148936170213
1999-05-08,0.24468085106382978,0.19148936170212766,0.0851063829787234,0.06382978723404255
1999-05-22,0.24731182795698925,0.1827956989247312,0.08602150537634409,0.06451612903225806
1999-06-05,0.23404255319148937,0.18085106382978725,0.10638297872340426,0.06382978723404255
1999-06-19,0.21875,0.16666666666666666,0.09375,0.0625
1999-07-03,0.2553191489361702,0.20212765957446807,0.11702127659574468,0.07446808510638298
1999-07-17,0.2553191489361702,0.2127659574468085,0.10638297872340426,0.06382978723404255
1999-07-31,0.24731182795698925,0.1827956989247312,0.0967741935483871,0.053763440860215055
1999-08-14,0.21978021978021978,0.16483516483516483,0.08791208791208792,0.054945054945054944
1999-08-28,0.2087912087912088,0.16483516483516483,0.07692307692307693,0.03296703296703297
1999-09-11,0.16483516483516483,0.12087912087912088,0.054945054945054944,0.01098901098901099
1999-09-25,0.15730337078651685,0.11235955056179775,0.056179775280898875,0.02247191011235955
1999-10-09,0.17045454545454544,0.125,0.056818181818181816,0.022727272727272728
1999-10-23,0.17045454545454544,0.125,0.06818181818181818,0.03409090909090909
1999-11-06,0.1797752808988764,0.14606741573033707,0.06741573033707865,0.033707865168539325
1999-11-20,0.17777777777777778,0.14444444444444443,0.06666666666666667,0.03333333333333333
1999-12-04,0.17777777777777778,0.14444444444444443,0.07777777777777778,0.044444444444444446
1999-12-18,0.2111111111111111,0.16666666666666666,0.08888888888888889,0.05555555555555555
2000-01-01,0.2222222222222222,0.16666666666666666,0.07777777777777778,0.05555555555555555
2000-01-15,0.24175824175824176,0.18681318681318682,0.10989010989010989,0.08791208791208792
2000-01-29,0.18478260869565216,0.15217391304347827,0.09782608695652174,0.08695652173913043
2000-02-12,0.1956521739130435,0.17391304347826086,0.10869565217391304,0.09782608695652174
2000-02-26,0.2127659574468085,0.18085106382978725,0.11702127659574468,0.09574468085106383
2000-03-11,0.24210526315789474,0.18947368421052632,0.12631578947368421,0.10526315789473684
2000-03-25,0.23958333333333334,0.1875,0.11458333333333333,0.08333333333333333
2000-04-08,0.20833333333333334,0.15625,0.10416666666666667,0.07291666666666667
2000-04-22,0.21649484536082475,0.15463917525773196,0.12371134020618557,0.08247422680412371
2000-05-06,0.20618556701030927,0.15463917525773196,0.12371134020618557,0.09278350515463918
2000-05-20,0.1958762886597938,0.12371134020618557,0.10309278350515463,0.08247422680412371
2000-06-03,0.21649484536082475,0.14432989690721648,0.12371134020618557,0.09278350515463918
2000-06-17,0.22916666666666666,0.13541666666666666,0.11458333333333333,0.08333333333333333
2000-07-01,0.20652173913043478,0.11956521739130435,0.09782608695652174,0.07608695652173914
2000-07-15,0.18478260869565216,0.10869565217391304,0.08695652173913043,0.06521739130434782
2000-07-29,0.1978021978021978,0.10989010989010989,0.07692307692307693,0.054945054945054944
2000-08-12,0.24468085106382978,0.14893617021276595,0.09574468085106383,0.06382978723404255
2000-08-26,0.23404255319148937,0.13829787234042554,0.0851063829787234,0.05319148936170213
2000-09-09,0.2127659574468085,0.14893617021276595,0.09574468085106383,0.06382978723404255
2000-09-23,0.19148936170212766,0.1276595744680851,0.0851063829787234,0.05319148936170213
2000-10-07,0.1827956989247312,0.13978494623655913,0.08602150537634409,0.043010752688172046
2000-10-21,0.19148936170212766,0.1276595744680851,0.07446808510638298,0.031914893617021274
2000-11-04,0.21052631578947367,0.1368421052631579,0.07368421052631578,0.042105263157894736
2000-11-18,0.23958333333333334,0.16666666666666666,0.10416666666666667,0.052083333333333336
2000-12-02,0.25263157894736843,0.17894736842105263,0.09473684210526316,0.042105263157894736
2000-12-16,0.26595744680851063,0.19148936170212766,0.11702127659574468,0.07446808510638298
2000-12-30,0.23655913978494625,0.16129032258064516,0.08602150537634409,0.053763440860215055
2001-01-13,0.2631578947368421,0.17894736842105263,0.08421052631578947,0.05263157894736842
2001-01-27,0.26881720430107525,0.1827956989247312,0.0967741935483871,0.06451612903225806
2001-02-10,0.31868131868131866,0.1978021978021978,0.12087912087912088,0.08791208791208792
2001-02-24,0.33695652173913043,0.20652173913043478,0.13043478260869565,0.08695652173913043
2001-03-10,0.3404255319148936,0.2127659574468085,0.1276595744680851,0.09574468085106383
2001-03-24,0.3263157894736842,0.21052631578947367,0.1368421052631579,0.08421052631578947
2001-04-07,0.3684210526315789,0.23157894736842105,0.15789473684210525,0.09473684210526316
2001-04-21,0.3978494623655914,0.23655913978494625,0.16129032258064516,0.0967741935483871
2001-05-05,0.3763440860215054,0.22580645161290322,0.16129032258064516,0.08602150537634409
2001-05-19,0.37362637362637363,0.21978021978021978,0.16483516483516483,0.08791208791208792
2001-06-02,0.34065934065934067,0.2087912087912088,0.14285714285714285,0.07692307692307693
2001-06-16,0.3118279569892473,0.1827956989247312,0.11827956989247312,0.053763440860215055
2001-06-30,0.29347826086956524,0.18478260869565216,0.11956521739130435,0.05434782608695652
2001-07-14,0.31868131868131866,0.2087912087912088,0.15384615384615385,0.06593406593406594
2001-07-28,0.3333333333333333,0.22580645161290322,0.17204301075268819,0.06451612903225806
2001-08-11,0.2903225806451613,0.1935483870967742,0.13978494623655913,0.043010752688172046
2001-08-25,0.2903225806451613,0.20430107526881722,0.15053763440860216,0.043010752688172046
2001-09-08,0.3010752688172043,0.20430107526881722,0.13978494623655913,0.043010752688172046
2001-09-22,0.2826086956521739,0.17391304347826086,0.11956521739130435,0.03260869565217391
2001-10-06,0.26881720430107525,0.1827956989247312,0.11827956989247312,0.03225806451612903
2001-10-20,0.3229166666666667,0.22916666666666666,0.13541666666666666,0.041666666666666664
2001-11-03,0.36082474226804123,0.25773195876288657,0.16494845360824742,0.061855670103092786
2001-11-17,0.3645833333333333,0.2604166666666667,0.17708333333333334,0.09375
2001-12-01,0.3368421052631579,0.24210526315789474,0.15789473684210525,0.08421052631578947
2001-12-15,0.3263157894736842,0.2,0.11578947368421053,0.06315789473684211
2001-12-29,0.3368421052631579,0.22105263157894736,0.12631578947368421,0.06315789473684211
2002-01-12,0.30851063829787234,0.20212765957446807,0.11702127659574468,0.06382978723404255
2002-01-26,0.30434782608695654,0.1956521739130435,0.11956521739130435,0.07608695652173914
2002-02-09,0.32608695652173914,0.18478260869565216,0.11956521739130435,0.07608695652173914
2002-02-23,0.35106382978723405,0.19148936170212766,0.10638297872340426,0.07446808510638298
2002-03-09,0.3548387096774194,0.17204301075268819,0.11827956989247312,0.08602150537634409
2002-03-23,0.3404255319148936,0.14893617021276595,0.10638297872340426,0.07446808510638298
2002-04-06,0.32978723404255317,0.14893617021276595,0.09574468085106383,0.0425531914893617
2002-04-20,0.34408602150537637,0.16129032258064516,0.10752688172043011,0.053763440860215055
2002-05-04,0.3829787234042553,0.2127659574468085,0.1276595744680851,0.07446808510638298
2002-05-18,0.35106382978723405,0.18085106382978725,0.11702127659574468,0.0851063829787234
2002-06-01,0.3263157894736842,0.17894736842105263,0.10526315789473684,0.06315789473684211
2002-06-15,0.3548387096774194,0.1935483870967742,0.11827956989247312,0.07526881720430108
2002-06-29,0.35106382978723405,0.20212765957446807,0.1276595744680851,0.0851063829787234
2002-07-13,0.3541666666666667,0.21875,0.125,0.08333333333333333
2002-07-27,0.3645833333333333,0.21875,0.10416666666666667,0.0625
2002-08-10,0.3541666666666667,0.21875,0.10416666666666667,0.0625
2002-08-24,0.3263157894736842,0.18947368421052632,0.07368421052631578,0.05263157894736842
2002-09-07,0.2903225806451613,0.1827956989247312,0.07526881720430108,0.053763440860215055
2002-09-21,0.2872340425531915,0.20212765957446807,0.0851063829787234,0.06382978723404255
2002-10-05,0.25806451612903225,0.1827956989247312,0.07526881720430108,0.06451612903225806
2002-10-19,0.2826086956521739,0.21739130434782608,0.09782608695652174,0.06521739130434782
2002-11-02,0.2717391304347826,0.20652173913043478,0.09782608695652174,0.06521739130434782
2002-11-16,0.2826086956521739,0.20652173913043478,0.08695652173913043,0.03260869565217391
2002-11-30,0.3333333333333333,0.24731182795698925,0.11827956989247312,0.043010752688172046
2002-12-14,0.3191489361702128,0.23404255319148937,0.0851063829787234,0.031914893617021274
2002-12-28,0.3225806451612903,0.24731182795698925,0.08602150537634409,0.021505376344086023
2003-01-11,0.3548387096774194,0.26881720430107525,0.10752688172043011,0.03225806451612903
2003-01-25,0.3548387096774194,0.25806451612903225,0.0967741935483871,0.03225806451612903
2003-02-08,0.34831460674157305,0.24719101123595505,0.11235955056179775,0.0449438202247191
2003-02-22,0.35294117647058826,0.24705882352941178,0.12941176470588237,0.058823529411764705
2003-03-08,0.3953488372093023,0.29069767441860467,0.16279069767441862,0.06976744186046512
2003-03-22,0.36046511627906974,0.2558139534883721,0.13953488372093023,0.06976744186046512
2003-04-05,0.3595505617977528,0.2696629213483146,0.14606741573033707,0.0898876404494382
2003-04-19,0.3548387096774194,0.26881720430107525,0.13978494623655913,0.07526881720430108
2003-05-03,0.3617021276595745,0.24468085106382978,0.1276595744680851,0.0851063829787234
2003-05-17,0.3763440860215054,0.23655913978494625,0.12903225806451613,0.08602150537634409
2003-05-31,0.32608695652173914,0.1956521739130435,0.09782608695652174,0.07608695652173914
2003-06-14,0.33695652173913043,0.21739130434782608,0.13043478260869565,0.07608695652173914
2003-06-28,0.35106382978723405,0.22340425531914893,0.1276595744680851,0.0851063829787234
2003-07-12,0.3617021276595745,0.22340425531914893,0.1276595744680851,0.0851063829787234
2003-07-26,0.3763440860215054,0.22580645161290322,0.12903225806451613,0.08602150537634409
2003-08-09,0.3870967741935484,0.22580645161290322,0.15053763440860216,0.10752688172043011
2003-08-23,0.3404255319148936,0.20212765957446807,0.11702127659574468,0.0851063829787234
2003-09-06,0.40425531914893614,0.26595744680851063,0.14893617021276595,0.11702127659574468
2003-09-20,0.42105263157894735,0.2631578947368421,0.14736842105263157,0.10526315789473684
2003-10-04,0.4375,0.28125,0.16666666666666666,0.10416666666666667
2003-10-18,0.43157894736842106,0.28421052631578947,0.15789473684210525,0.08421052631578947
2003-11-01,0.4536082474226804,0.30927835051546393,0.1958762886597938,0.10309278350515463
2003-11-15,0.4536082474226804,0.29896907216494845,0.18556701030927836,0.10309278350515463
2003-11-29,0.4166666666666667,0.2708333333333333,0.14583333333333334,0.09375
2003-12-13,0.43157894736842106,0.29473684210526313,0.14736842105263157,0.09473684210526316
2003-12-27,0.43157894736842106,0.29473684210526313,0.14736842105263157,0.09473684210526316
2004-01-10,0.48936170212765956,0.3404255319148936,0.18085106382978725,0.10638297872340426
2004-01-24,0.44680851063829785,0.3191489361702128,0.18085106382978725,0.10638297872340426
2004-02-07,0.43478260869565216,0.31521739130434784,0.17391304347826086,0.09782608695652174
2004-02-21,0.44680851063829785,0.3191489361702128,0.19148936170212766,0.09574468085106383
2004-03-06,0.4,0.28421052631578947,0.15789473684210525,0.09473684210526316
2004-03-20,0.4270833333333333,0.2708333333333333,0.15625,0.09375
2004-04-03,0.4105263157894737,0.2631578947368421,0.15789473684210525,0.09473684210526316
2004-04-17,0.44329896907216493,0.27835051546391754,0.17525773195876287,0.10309278350515463
2004-05-01,0.4489795918367347,0.2857142857142857,0.1836734693877551,0.11224489795918367
2004-05-15,0.45918367346938777,0.29591836734693877,0.19387755102040816,0.12244897959183673
2004-05-29,0.4421052631578947,0.2631578947368421,0.17894736842105263,0.11578947368421053
2004-06-12,0.4583333333333333,0.28125,0.17708333333333334,0.11458333333333333
2004-06-26,0.46236559139784944,0.2903225806451613,0.1935483870967742,0.12903225806451613
2004-07-10,0.46236559139784944,0.3010752688172043,0.21505376344086022,0.15053763440860216
2004-07-24,0.46236559139784944,0.3010752688172043,0.21505376344086022,0.13978494623655913
2004-08-07,0.3804347826086957,0.25,0.17391304347826086,0.10869565217391304
2004-08-21,0.34065934065934067,0.24175824175824176,0.16483516483516483,0.10989010989010989
2004-09-04,0.34444444444444444,0.2222222222222222,0.14444444444444443,0.1111111111111111
2004-09-18,0.34444444444444444,0.23333333333333334,0.16666666666666666,0.12222222222222222
2004-10-02,0.3258426966292135,0.21348314606741572,0.14606741573033707,0.0898876404494382
2004-10-16,0.4,0.26666666666666666,0.18888888888888888,0.1111111111111111
2004-10-30,0.4,0.25555555555555554,0.18888888888888888,0.1
2004-11-13,0.391304347826087,0.25,0.1956521739130435,0.10869565217391304
2004-11-27,0.4090909090909091,0.2840909090909091,0.22727272727272727,0.11363636363636363
2004-12-11,0.3888888888888889,0.26666666666666666,0.2222222222222222,0.1111111111111111
2004-12-25,0.35555555555555557,0.24444444444444444,0.2111111111111111,0.1111111111111111
2005-01-08,0.38461538461538464,0.26373626373626374,0.2087912087912088,0.0989010989010989
2005-01-22,0.37777777777777777,0.25555555555555554,0.2,0.08888888888888889
2005-02-05,0.3626373626373626,0.26373626373626374,0.17582417582417584,0.08791208791208792
2005-02-19,0.34065934065934067,0.2087912087912088,0.14285714285714285,0.06593406593406594
2005-03-05,0.358695652173913,0.1956521739130435,0.11956521739130435,0.08695652173913043
2005-03-19,0.3655913978494624,0.20430107526881722,0.10752688172043011,0.07526881720430108
2005-04-02,0.34408602150537637,0.1935483870967742,0.12903225806451613,0.08602150537634409
2005-04-16,0.35051546391752575,0.18556701030927836,0.12371134020618557,0.07216494845360824
2005-04-30,0.31958762886597936,0.17525773195876287,0.10309278350515463,0.07216494845360824
2005-05-14,0.3333333333333333,0.19791666666666666,0.125,0.07291666666666667
2005-05-28,0.336734693877551,0.20408163265306123,0.11224489795918367,0.061224489795918366
2005-06-11,0.36363636363636365,0.2222222222222222,0.13131313131313133,0.06060606060606061
2005-06-25,0.40816326530612246,0.25510204081632654,0.17346938775510204,0.07142857142857142
2005-07-09,0.40816326530612246,0.22448979591836735,0.15306122448979592,0.05102040816326531
2005-07-23,0.40425531914893614,0.22340425531914893,0.1702127659574468,0.06382978723404255
2005-08-06,0.34408602150537637,0.23655913978494625,0.15053763440860216,0.043010752688172046
2005-08-20,0.35106382978723405,0.24468085106382978,0.13829787234042554,0.0425531914893617
2005-09-03,0.3763440860215054,0.22580645161290322,0.11827956989247312,0.043010752688172046
2005-09-17,0.3870967741935484,0.23655913978494625,0.11827956989247312,0.043010752688172046
2005-10-01,0.3548387096774194,0.22580645161290322,0.13978494623655913,0.043010752688172046
2005-10-15,0.3956043956043956,0.2857142857142857,0.15384615384615385,0.04395604395604396
2005-10-29,0.3333333333333333,0.24731182795698925,0.11827956989247312,0.03225806451612903
2005-11-12,0.34782608695652173,0.25,0.13043478260869565,0.043478260869565216
2005-11-26,0.37894736842105264,0.25263157894736843,0.1368421052631579,0.042105263157894736
2005-12-10,0.3473684210526316,0.23157894736842105,0.1368421052631579,0.021052631578947368
2005-12-24,0.3723404255319149,0.24468085106382978,0.14893617021276595,0.05319148936170213
2006-01-07,0.35789473684210527,0.25263157894736843,0.16842105263157894,0.05263157894736842
2006-01-21,0.3645833333333333,0.25,0.16666666666666666,0.0625
2006-02-04,0.3541666666666667,0.22916666666666666,0.14583333333333334,0.052083333333333336
2006-02-18,0.33695652173913043,0.22826086956521738,0.14130434782608695,0.06521739130434782
2006-03-04,0.375,0.2604166666666667,0.14583333333333334,0.052083333333333336
2006-03-18,0.40816326530612246,0.29591836734693877,0.16326530612244897,0.05102040816326531
2006-04-01,0.35714285714285715,0.2653061224489796,0.15306122448979592,0.05102040816326531
2006-04-15,0.3402061855670103,0.25773195876288657,0.16494845360824742,0.041237113402061855
2006-04-29,0.3541666666666667,0.2604166666666667,0.16666666666666666,0.052083333333333336
2006-05-13,0.36082474226804123,0.27835051546391754,0.16494845360824742,0.041237113402061855
2006-05-27,0.3711340206185567,0.29896907216494845,0.1958762886597938,0.05154639175257732
2006-06-10,0.35714285714285715,0.2857142857142857,0.1836734693877551,0.02040816326530612
2006-06-24,0.35051546391752575,0.29896907216494845,0.20618556701030927,0.041237113402061855
2006-07-08,0.3368421052631579,0.28421052631578947,0.18947368421052632,0.031578947368421054
2006-07-22,0.31958762886597936,0.29896907216494845,0.17525773195876287,0.020618556701030927
2006-08-05,0.3020833333333333,0.28125,0.17708333333333334,0.020833333333333332
2006-08-19,0.3010752688172043,0.26881720430107525,0.1827956989247312,0.021505376344086023
2006-09-02,0.3368421052631579,0.29473684210526313,0.2,0.021052631578947368
2006-09-16,0.3404255319148936,0.2872340425531915,0.20212765957446807,0.0425531914893617
2006-09-30,0.35106382978723405,0.30851063829787234,0.23404255319148937,0.05319148936170213
2006-10-14,0.32978723404255317,0.26595744680851063,0.19148936170212766,0.031914893617021274
2006-10-28,0.3229166666666667,0.25,0.16666666666666666,0.03125
2006-11-11,0.2872340425531915,0.22340425531914893,0.14893617021276595,0.031914893617021274
2006-11-25,0.32978723404255317,0.24468085106382978,0.1702127659574468,0.05319148936170213
2006-12-09,0.3473684210526316,0.24210526315789474,0.15789473684210525,0.08421052631578947
2006-12-23,0.3333333333333333,0.2604166666666667,0.16666666666666666,0.09375
2007-01-06,0.3333333333333333,0.2604166666666667,0.15625,0.07291666666666667
2007-01-20,0.3368421052631579,0.2631578947368421,0.14736842105263157,0.06315789473684211
2007-02-03,0.3404255319148936,0.2765957446808511,0.14893617021276595,0.07446808510638298
2007-02-17,0.3333333333333333,0.25806451612903225,0.13978494623655913,0.08602150537634409
2007-03-03,0.3763440860215054,0.3010752688172043,0.1827956989247312,0.11827956989247312
2007-03-17,0.4148936170212766,0.2978723404255319,0.18085106382978725,0.10638297872340426
2007-03-31,0.3695652173913043,0.2608695652173913,0.16304347826086957,0.09782608695652174
2007-04-14,0.3617021276595745,0.2553191489361702,0.18085106382978725,0.11702127659574468
2007-04-28,0.3404255319148936,0.22340425531914893,0.14893617021276595,0.09574468085106383
2007-05-12,0.32978723404255317,0.2127659574468085,0.1276595744680851,0.0851063829787234
2007-05-26,0.3191489361702128,0.22340425531914893,0.13829787234042554,0.07446808510638298
2007-06-09,0.35106382978723405,0.24468085106382978,0.1276595744680851,0.07446808510638298
2007-06-23,0.375,0.22916666666666666,0.10416666666666667,0.0625
2007-07-07,0.37894736842105264,0.25263157894736843,0.11578947368421053,0.06315789473684211
2007-07-21,0.34408602150537637,0.23655913978494625,0.0967741935483871,0.043010752688172046
2007-08-04,0.34408602150537637,0.23655913978494625,0.08602150537634409,0.043010752688172046
2007-08-18,0.3263157894736842,0.22105263157894736,0.08421052631578947,0.021052631578947368
2007-09-01,0.3225806451612903,0.23655913978494625,0.08602150537634409,0.021505376344086023
2007-09-15,0.39361702127659576,0.2765957446808511,0.10638297872340426,0.02127659574468085
2007-09-29,0.40404040404040403,0.26262626262626265,0.1111111111111111,0.020202020202020204
2007-10-13,0.3838383838383838,0.23232323232323232,0.12121212121212122,0.030303030303030304
2007-10-27,0.37373737373737376,0.2222222222222222,0.1111111111111111,0.020202020202020204
2007-11-10,0.36363636363636365,0.2222222222222222,0.1111111111111111,0.020202020202020204
2007-11-24,0.36363636363636365,0.20202020202020202,0.1111111111111111,0.04040404040404041
2007-12-08,0.37,0.22,0.12,0.04
2007-12-22,0.34,0.19,0.1,0.04
2008-01-05,0.30612244897959184,0.17346938775510204,0.10204081632653061,0.04081632653061224
2008-01-19,0.30612244897959184,0.17346938775510204,0.08163265306122448,0.04081632653061224
2008-02-02,0.31313131313131315,0.18181818181818182,0.1111111111111111,0.04040404040404041
2008-02-16,0.2828282828282828,0.1717171717171717,0.10101010101010101,0.04040404040404041
2008-03-01,0.25773195876288657,0.14432989690721648,0.08247422680412371,0.030927835051546393
2008-03-15,0.24210526315789474,0.12631578947368421,0.08421052631578947,0.031578947368421054
2008-03-29,0.23157894736842105,0.11578947368421053,0.06315789473684211,0.021052631578947368
2008-04-12,0.24210526315789474,0.11578947368421053,0.06315789473684211,0.010526315789473684
2008-04-26,0.22105263157894736,0.09473684210526316,0.06315789473684211,0.010526315789473684
2008-05-10,0.2708333333333333,0.15625,0.09375,0.041666666666666664
2008-05-24,0.2631578947368421,0.14736842105263157,0.08421052631578947,0.031578947368421054
2008-06-07,0.23863636363636365,0.13636363636363635,0.06818181818181818,0.03409090909090909
2008-06-21,0.25773195876288657,0.16494845360824742,0.09278350515463918,0.05154639175257732
2008-07-05,0.2604166666666667,0.16666666666666666,0.08333333333333333,0.041666666666666664
2008-07-19,0.25510204081632654,0.1836734693877551,0.09183673469387756,0.04081632653061224
2008-08-02,0.2708333333333333,0.1875,0.10416666666666667,0.041666666666666664
2008-08-16,0.29473684210526313,0.17894736842105263,0.10526315789473684,0.042105263157894736
2008-08-30,0.30434782608695654,0.18478260869565216,0.11956521739130435,0.05434782608695652
2008-09-13,0.3548387096774194,0.21505376344086022,0.12903225806451613,0.053763440860215055
2008-09-27,0.32978723404255317,0.22340425531914893,0.13829787234042554,0.0425531914893617
2008-10-11,0.32978723404255317,0.22340425531914893,0.1595744680851064,0.0425531914893617
2008-10-25,0.2916666666666667,0.19791666666666666,0.125,0.03125
2008-11-08,0.30851063829787234,0.22340425531914893,0.10638297872340426,0.031914893617021274
2008-11-22,0.32989690721649484,0.23711340206185566,0.13402061855670103,0.061855670103092786
2008-12-06,0.3125,0.19791666666666666,0.09375,0.041666666666666664
2008-12-20,0.3229166666666667,0.19791666666666666,0.09375,0.03125
2009-01-03,0.3541666666666667,0.22916666666666666,0.125,0.0625
2009-01-17,0.336734693877551,0.21428571428571427,0.12244897959183673,0.05102040816326531
2009-01-31,0.3402061855670103,0.1958762886597938,0.1134020618556701,0.061855670103092786
2009-02-14,0.35789473684210527,0.21052631578947367,0.11578947368421053,0.07368421052631578
2009-02-28,0.3617021276595745,0.24468085106382978,0.14893617021276595,0.0851063829787234
2009-03-14,0.358695652173913,0.22826086956521738,0.13043478260869565,0.07608695652173914
2009-03-28,0.3655913978494624,0.23655913978494625,0.12903225806451613,0.06451612903225806
2009-04-11,0.3473684210526316,0.2631578947368421,0.15789473684210525,0.07368421052631578
2009-04-25,0.35106382978723405,0.26595744680851063,0.13829787234042554,0.06382978723404255
2009-05-09,0.35789473684210527,0.2631578947368421,0.14736842105263157,0.08421052631578947
2009-05-23,0.375,0.2708333333333333,0.1875,0.11458333333333333
2009-06-06,0.3548387096774194,0.23655913978494625,0.17204301075268819,0.0967741935483871
2009-06-20,0.375,0.25,0.14583333333333334,0.08333333333333333
2009-07-04,0.4020618556701031,0.26804123711340205,0.16494845360824742,0.1134020618556701
2009-07-18,0.37894736842105264,0.25263157894736843,0.11578947368421053,0.07368421052631578
2009-08-01,0.3684210526315789,0.25263157894736843,0.12631578947368421,0.08421052631578947
2009-08-15,0.3829787234042553,0.2872340425531915,0.1276595744680851,0.07446808510638298
2009-08-29,0.34375,0.25,0.09375,0.0625
2009-09-12,0.3404255319148936,0.2553191489361702,0.09574468085106383,0.06382978723404255
2009-09-26,0.35789473684210527,0.2631578947368421,0.11578947368421053,0.07368421052631578
2009-10-10,0.3333333333333333,0.23655913978494625,0.0967741935483871,0.053763440860215055
2009-10-24,0.27956989247311825,0.20430107526881722,0.11827956989247312,0.07526881720430108
2009-11-07,0.24731182795698925,0.1935483870967742,0.0967741935483871,0.06451612903225806
2009-11-21,0.18478260869565216,0.16304347826086957,0.08695652173913043,0.05434782608695652
2009-12-05,0.1978021978021978,0.15384615384615385,0.0989010989010989,0.054945054945054944
2009-12-19,0.2111111111111111,0.16666666666666666,0.1,0.044444444444444446
2010-01-02,0.2717391304347826,0.21739130434782608,0.14130434782608695,0.07608695652173914
2010-01-16,0.2553191489361702,0.19148936170212766,0.13829787234042554,0.0851063829787234
2010-01-30,0.23157894736842105,0.17894736842105263,0.11578947368421053,0.07368421052631578
2010-02-13,0.25806451612903225,0.20430107526881722,0.12903225806451613,0.07526881720430108
2010-02-27,0.3157894736842105,0.25263157894736843,0.16842105263157894,0.09473684210526316
2010-03-13,0.34375,0.2708333333333333,0.17708333333333334,0.08333333333333333
2010-03-27,0.3541666666666667,0.3020833333333333,0.1875,0.10416666666666667
2010-04-10,0.3711340206185567,0.31958762886597936,0.20618556701030927,0.10309278350515463
2010-04-24,0.3917525773195876,0.3402061855670103,0.21649484536082475,0.10309278350515463
2010-05-08,0.3854166666666667,0.3229166666666667,0.19791666666666666,0.08333333333333333
2010-05-22,0.3541666666666667,0.3020833333333333,0.17708333333333334,0.08333333333333333
2010-06-05,0.35789473684210527,0.28421052631578947,0.14736842105263157,0.06315789473684211
2010-06-19,0.3617021276595745,0.2872340425531915,0.1702127659574468,0.07446808510638298
2010-07-03,0.35789473684210527,0.28421052631578947,0.16842105263157894,0.08421052631578947
2010-07-17,0.31958762886597936,0.25773195876288657,0.16494845360824742,0.10309278350515463
2010-07-31,0.3020833333333333,0.23958333333333334,0.14583333333333334,0.10416666666666667
2010-08-14,0.28125,0.25,0.125,0.09375
2010-08-28,0.3020833333333333,0.2604166666666667,0.15625,0.09375
2010-09-11,0.3229166666666667,0.2604166666666667,0.17708333333333334,0.09375
2010-09-25,0.3333333333333333,0.2708333333333333,0.1875,0.10416666666666667
2010-10-09,0.35051546391752575,0.28865979381443296,0.1958762886597938,0.10309278350515463
2010-10-23,0.3541666666666667,0.2916666666666667,0.20833333333333334,0.14583333333333334
2010-11-06,0.3368421052631579,0.2736842105263158,0.17894736842105263,0.11578947368421053
2010-11-20,0.35714285714285715,0.2755102040816326,0.17346938775510204,0.12244897959183673
2010-12-04,0.3541666666666667,0.2916666666666667,0.14583333333333334,0.10416666666666667
2010-12-18,0.3473684210526316,0.28421052631578947,0.15789473684210525,0.11578947368421053
2011-01-01,0.4105263157894737,0.3368421052631579,0.17894736842105263,0.12631578947368421
2011-01-15,0.4105263157894737,0.3263157894736842,0.18947368421052632,0.14736842105263157
2011-01-29,0.3894736842105263,0.29473684210526313,0.14736842105263157,0.10526315789473684
2011-02-12,0.3894736842105263,0.29473684210526313,0.14736842105263157,0.10526315789473684
2011-02-26,0.3684210526315789,0.2736842105263158,0.11578947368421053,0.08421052631578947
2011-03-12,0.39361702127659576,0.26595744680851063,0.1276595744680851,0.0851063829787234
2011-03-26,0.3978494623655914,0.2903225806451613,0.15053763440860216,0.10752688172043011
2011-04-09,0.3763440860215054,0.26881720430107525,0.15053763440860216,0.0967741935483871
2011-04-23,0.3894736842105263,0.29473684210526313,0.18947368421052632,0.1368421052631579
2011-05-07,0.32989690721649484,0.25773195876288657,0.15463917525773196,0.1134020618556701
2011-05-21,0.38144329896907214,0.29896907216494845,0.16494845360824742,0.12371134020618557
2011-06-04,0.3541666666666667,0.2708333333333333,0.15625,0.11458333333333333
2011-06-18,0.38144329896907214,0.25773195876288657,0.12371134020618557,0.1134020618556701
2011-07-02,0.3548387096774194,0.23655913978494625,0.0967741935483871,0.0967741935483871
2011-07-16,0.38461538461538464,0.24175824175824176,0.0989010989010989,0.08791208791208792
2011-07-30,0.3645833333333333,0.22916666666666666,0.125,0.09375
2011-08-13,0.3684210526315789,0.23157894736842105,0.12631578947368421,0.08421052631578947
2011-08-27,0.41836734693877553,0.2755102040816326,0.15306122448979592,0.10204081632653061
2011-09-10,0.3958333333333333,0.2604166666666667,0.125,0.07291666666666667
2011-09-24,0.3917525773195876,0.26804123711340205,0.1134020618556701,0.07216494845360824
2011-10-08,0.3645833333333333,0.23958333333333334,0.11458333333333333,0.08333333333333333
2011-10-22,0.4270833333333333,0.2916666666666667,0.125,0.09375
2011-11-05,0.4166666666666667,0.2916666666666667,0.125,0.09375
2011-11-19,0.47368421052631576,0.3157894736842105,0.11578947368421053,0.07368421052631578
2011-12-03,0.4020618556701031,0.27835051546391754,0.1134020618556701,0.08247422680412371
2011-12-17,0.4166666666666667,0.2916666666666667,0.11458333333333333,0.09375
2011-12-31,0.422680412371134,0.29896907216494845,0.13402061855670103,0.1134020618556701
2012-01-14,0.4421052631578947,0.3263157894736842,0.14736842105263157,0.10526315789473684
2012-01-28,0.40860215053763443,0.2903225806451613,0.12903225806451613,0.08602150537634409
2012-02-11,0.43478260869565216,0.29347826086956524,0.14130434782608695,0.10869565217391304
2012-02-25,0.4421052631578947,0.3263157894736842,0.15789473684210525,0.12631578947368421
2012-03-10,0.41237113402061853,0.29896907216494845,0.14432989690721648,0.1134020618556701
2012-03-24,0.3894736842105263,0.25263157894736843,0.12631578947368421,0.09473684210526316
2012-04-07,0.37894736842105264,0.24210526315789474,0.12631578947368421,0.09473684210526316
2012-04-21,0.43157894736842106,0.3157894736842105,0.18947368421052632,0.11578947368421053
2012-05-05,0.40625,0.28125,0.20833333333333334,0.125
2012-05-19,0.3877551020408163,0.2755102040816326,0.19387755102040816,0.11224489795918367
2012-06-02,0.3877551020408163,0.2653061224489796,0.20408163265306123,0.11224489795918367
2012-06-16,0.3673469387755102,0.23469387755102042,0.19387755102040816,0.11224489795918367
2012-06-30,0.35714285714285715,0.25510204081632654,0.20408163265306123,0.11224489795918367
2012-07-14,0.3673469387755102,0.2755102040816326,0.21428571428571427,0.12244897959183673
2012-07-28,0.35714285714285715,0.2755102040816326,0.21428571428571427,0.1326530612244898
2012-08-11,0.36363636363636365,0.2828282828282828,0.20202020202020202,0.12121212121212122
2012-08-25,0.3434343434343434,0.26262626262626265,0.1919191919191919,0.1111111111111111
2012-09-08,0.3838383838383838,0.2828282828282828,0.20202020202020202,0.13131313131313133
2012-09-22,0.36363636363636365,0.26262626262626265,0.1919191919191919,0.12121212121212122
2012-10-06,0.3711340206185567,0.24742268041237114,0.1958762886597938,0.12371134020618557
2012-10-20,0.3333333333333333,0.20202020202020202,0.15151515151515152,0.1111111111111111
2012-11-03,0.336734693877551,0.20408163265306123,0.16326530612244897,0.1326530612244898
2012-11-17,0.375,0.21875,0.16666666666666666,0.11458333333333333
2012-12-01,0.3684210526315789,0.21052631578947367,0.15789473684210525,0.10526315789473684
2012-12-15,0.40217391304347827,0.22826086956521738,0.16304347826086957,0.10869565217391304
2012-12-29,0.40860215053763443,0.24731182795698925,0.1935483870967742,0.12903225806451613
2013-01-12,0.4,0.25263157894736843,0.2,0.12631578947368421
2013-01-26,0.3958333333333333,0.22916666666666666,0.1875,0.125
2013-02-09,0.4,0.25263157894736843,0.2,0.1368421052631579
2013-02-23,0.3829787234042553,0.24468085106382978,0.1702127659574468,0.0851063829787234
2013-03-09,0.40425531914893614,0.2765957446808511,0.2127659574468085,0.09574468085106383
2013-03-23,0.3958333333333333,0.2604166666666667,0.19791666666666666,0.08333333333333333
2013-04-06,0.3333333333333333,0.23958333333333334,0.19791666666666666,0.10416666666666667
2013-04-20,0.35051546391752575,0.27835051546391754,0.1958762886597938,0.1134020618556701
2013-05-04,0.3917525773195876,0.32989690721649484,0.21649484536082475,0.1134020618556701
2013-05-18,0.37755102040816324,0.3163265306122449,0.21428571428571427,0.12244897959183673
2013-06-01,0.36082474226804123,0.29896907216494845,0.1958762886597938,0.1134020618556701
2013-06-15,0.375,0.3020833333333333,0.19791666666666666,0.125
2013-06-29,0.3894736842105263,0.3157894736842105,0.2,0.11578947368421053
2013-07-13,0.41237113402061853,0.32989690721649484,0.2268041237113402,0.12371134020618557
2013-07-27,0.43157894736842106,0.35789473684210527,0.23157894736842105,0.1368421052631579
2013-08-10,0.4105263157894737,0.3368421052631579,0.22105263157894736,0.12631578947368421
2013-08-24,0.4105263157894737,0.3368421052631579,0.21052631578947367,0.11578947368421053
2013-09-07,0.3958333333333333,0.3229166666666667,0.20833333333333334,0.125
2013-09-21,0.3958333333333333,0.3229166666666667,0.21875,0.14583333333333334
2013-10-05,0.41836734693877553,0.32653061224489793,0.20408163265306123,0.12244897959183673
2013-10-19,0.4791666666666667,0.375,0.23958333333333334,0.13541666666666666
2013-11-02,0.40816326530612246,0.32653061224489793,0.23469387755102042,0.14285714285714285
2013-11-16,0.43434343434343436,0.3434343434343434,0.23232323232323232,0.1414141414141414
2013-11-30,0.422680412371134,0.31958762886597936,0.2268041237113402,0.15463917525773196
2013-12-14,0.4020618556701031,0.31958762886597936,0.23711340206185566,0.16494845360824742
2013-12-28,0.3854166666666667,0.3020833333333333,0.23958333333333334,0.15625
2014-01-11,0.3854166666666667,0.3125,0.21875,0.17708333333333334
2014-01-25,0.3854166666666667,0.2708333333333333,0.1875,0.15625
2014-02-08,0.36082474226804123,0.23711340206185566,0.16494845360824742,0.14432989690721648
2014-02-22,0.3958333333333333,0.2604166666666667,0.16666666666666666,0.125
2014-03-08,0.3684210526315789,0.23157894736842105,0.14736842105263157,0.11578947368421053
2014-03-22,0.39361702127659576,0.24468085106382978,0.1595744680851064,0.1276595744680851
2014-04-05,0.3894736842105263,0.24210526315789474,0.1368421052631579,0.10526315789473684
2014-04-19,0.3854166666666667,0.21875,0.13541666666666666,0.10416666666666667
2014-05-03,0.3723404255319149,0.2127659574468085,0.11702127659574468,0.0851063829787234
2014-05-17,0.3655913978494624,0.21505376344086022,0.10752688172043011,0.08602150537634409
2014-05-31,0.35789473684210527,0.23157894736842105,0.09473684210526316,0.07368421052631578
2014-06-14,0.3333333333333333,0.20833333333333334,0.08333333333333333,0.07291666666666667
2014-06-28,0.35789473684210527,0.2,0.12631578947368421,0.08421052631578947
2014-07-12,0.34375,0.19791666666666666,0.125,0.08333333333333333
2014-07-26,0.3917525773195876,0.24742268041237114,0.14432989690721648,0.10309278350515463
2014-08-09,0.3917525773195876,0.24742268041237114,0.15463917525773196,0.1134020618556701
2014-08-23,0.3917525773195876,0.27835051546391754,0.17525773195876287,0.1134020618556701
2014-09-06,0.40816326530612246,0.29591836734693877,0.19387755102040816,0.11224489795918367
2014-09-20,0.45454545454545453,0.3333333333333333,0.21212121212121213,0.12121212121212122
2014-10-04,0.4489795918367347,0.32653061224489793,0.19387755102040816,0.12244897959183673
2014-10-18,0.422680412371134,0.32989690721649484,0.1958762886597938,0.12371134020618557
2014-11-01,0.4536082474226804,0.35051546391752575,0.18556701030927836,0.12371134020618557
2014-11-15,0.3979591836734694,0.29591836734693877,0.1326530612244898,0.11224489795918367
2014-11-29,0.3711340206185567,0.29896907216494845,0.15463917525773196,0.12371134020618557
2014-12-13,0.40625,0.34375,0.15625,0.10416666666666667
2014-12-27,0.3894736842105263,0.3157894736842105,0.14736842105263157,0.10526315789473684
2015-01-10,0.3958333333333333,0.3229166666666667,0.15625,0.08333333333333333
2015-01-24,0.41237113402061853,0.32989690721649484,0.16494845360824742,0.08247422680412371
2015-02-07,0.41237113402061853,0.28865979381443296,0.15463917525773196,0.07216494845360824
2015-02-21,0.43157894736842106,0.3263157894736842,0.18947368421052632,0.09473684210526316
2015-03-07,0.46464646464646464,0.35353535353535354,0.23232323232323232,0.13131313131313133
2015-03-21,0.42857142857142855,0.32653061224489793,0.22448979591836735,0.10204081632653061
2015-04-04,0.45454545454545453,0.36363636363636365,0.25252525252525254,0.13131313131313133
2015-04-18,0.4375,0.3333333333333333,0.23958333333333334,0.11458333333333333
2015-05-02,0.43010752688172044,0.3225806451612903,0.23655913978494625,0.10752688172043011
2015-05-16,0.42105263157894735,0.3157894736842105,0.25263157894736843,0.09473684210526316
2015-05-30,0.425531914893617,0.30851063829787234,0.23404255319148937,0.11702127659574468
2015-06-13,0.4631578947368421,0.3263157894736842,0.25263157894736843,0.12631578947368421
2015-06-27,0.425531914893617,0.30851063829787234,0.24468085106382978,0.13829787234042554
2015-07-11,0.43157894736842106,0.29473684210526313,0.24210526315789474,0.1368421052631579
2015-07-25,0.4479166666666667,0.3229166666666667,0.22916666666666666,0.10416666666666667
2015-08-08,0.4329896907216495,0.31958762886597936,0.2268041237113402,0.10309278350515463
2015-08-22,0.44329896907216493,0.3402061855670103,0.25773195876288657,0.12371134020618557
2015-09-05,0.4387755102040816,0.32653061224489793,0.24489795918367346,0.11224489795918367
2015-09-19,0.39,0.29,0.18,0.11
2015-10-03,0.46,0.35,0.23,0.12
2015-10-17,0.49,0.41,0.25,0.13
2015-10-31,0.47474747474747475,0.42424242424242425,0.2727272727272727,0.15151515151515152
2015-11-14,0.47474747474747475,0.41414141414141414,0.24242424242424243,0.1111111111111111
2015-11-28,0.45454545454545453,0.3939393939393939,0.24242424242424243,0.09090909090909091
2015-12-12,0.42424242424242425,0.37373737373737376,0.24242424242424243,0.09090909090909091
2015-12-26,0.422680412371134,0.3711340206185567,0.25773195876288657,0.09278350515463918
2016-01-09,0.45918367346938777,0.40816326530612246,0.2653061224489796,0.11224489795918367
2016-01-23,0.45918367346938777,0.41836734693877553,0.25510204081632654,0.11224489795918367
2016-02-06,0.41414141414141414,0.36363636363636365,0.21212121212121213,0.09090909090909091
2016-02-20,0.3979591836734694,0.37755102040816324,0.22448979591836735,0.10204081632653061
2016-03-05,0.3877551020408163,0.35714285714285715,0.21428571428571427,0.11224489795918367
2016-03-19,0.42857142857142855,0.37755102040816324,0.25510204081632654,0.14285714285714285
2016-04-02,0.3469387755102041,0.3163265306122449,0.20408163265306123,0.11224489795918367
2016-04-16,0.41237113402061853,0.38144329896907214,0.25773195876288657,0.13402061855670103
2016-04-30,0.4375,0.3958333333333333,0.2604166666666667,0.125
2016-05-14,0.45161290322580644,0.3870967741935484,0.24731182795698925,0.10752688172043011
2016-05-28,0.4375,0.3958333333333333,0.22916666666666666,0.09375
2016-06-11,0.40425531914893614,0.3617021276595745,0.2127659574468085,0.0851063829787234
2016-06-25,0.3854166666666667,0.34375,0.21875,0.10416666666666667
2016-07-09,0.3958333333333333,0.3645833333333333,0.23958333333333334,0.125
2016-07-23,0.3979591836734694,0.35714285714285715,0.25510204081632654,0.12244897959183673
2016-08-06,0.3711340206185567,0.31958762886597936,0.24742268041237114,0.12371134020618557
2016-08-20,0.40625,0.3541666666666667,0.2604166666666667,0.14583333333333334
2016-09-03,0.4479166666666667,0.375,0.23958333333333334,0.125
2016-09-17,0.4895833333333333,0.4270833333333333,0.2604166666666667,0.14583333333333334
2016-10-01,0.4791666666666667,0.4375,0.25,0.14583333333333334
2016-10-15,0.4536082474226804,0.41237113402061853,0.23711340206185566,0.14432989690721648
2016-10-29,0.422680412371134,0.4020618556701031,0.20618556701030927,0.13402061855670103
2016-11-12,0.4895833333333333,0.4583333333333333,0.23958333333333334,0.15625
2016-11-26,0.49473684210526314,0.45263157894736844,0.24210526315789474,0.17894736842105263
2016-12-10,0.4791666666666667,0.3958333333333333,0.23958333333333334,0.15625
2016-12-24,0.4375,0.375,0.21875,0.15625
2017-01-07,0.4375,0.40625,0.22916666666666666,0.125
2017-01-21,0.4742268041237113,0.4329896907216495,0.26804123711340205,0.18556701030927836
2017-02-04,0.44329896907216493,0.4020618556701031,0.23711340206185566,0.16494845360824742
2017-02-18,0.44329896907216493,0.3711340206185567,0.20618556701030927,0.13402061855670103
2017-03-04,0.44329896907216493,0.36082474226804123,0.18556701030927836,0.13402061855670103
2017-03-18,0.4329896907216495,0.36082474226804123,0.1958762886597938,0.14432989690721648
2017-04-01,0.44329896907216493,0.3711340206185567,0.21649484536082475,0.15463917525773196
2017-04-15,0.5154639175257731,0.41237113402061853,0.25773195876288657,0.15463917525773196
2017-04-29,0.4742268041237113,0.38144329896907214,0.2268041237113402,0.16494845360824742
2017-05-13,0.5567010309278351,0.4742268041237113,0.30927835051546393,0.20618556701030927
2017-05-27,0.5408163265306123,0.4489795918367347,0.2857142857142857,0.21428571428571427
2017-06-10,0.45263157894736844,0.37894736842105264,0.24210526315789474,0.16842105263157894
2017-06-24,0.4897959183673469,0.41836734693877553,0.2653061224489796,0.17346938775510204
2017-07-08,0.5,0.41836734693877553,0.25510204081632654,0.15306122448979592
2017-07-22,0.4897959183673469,0.41836734693877553,0.2755102040816326,0.19387755102040816
2017-08-05,0.5,0.4166666666666667,0.2604166666666667,0.17708333333333334
2017-08-19,0.5,0.3877551020408163,0.22448979591836735,0.15306122448979592
2017-09-02,0.5050505050505051,0.40404040404040403,0.24242424242424243,0.1717171717171717
2017-09-16,0.5520833333333334,0.4375,0.2916666666666667,0.19791666666666666
2017-09-30,0.5154639175257731,0.38144329896907214,0.28865979381443296,0.1958762886597938
2017-10-14,0.5051546391752577,0.3711340206185567,0.25773195876288657,0.16494845360824742
2017-10-28,0.4895833333333333,0.3541666666666667,0.28125,0.1875
2017-11-11,0.4842105263157895,0.37894736842105264,0.30526315789473685,0.18947368421052632
2017-11-25,0.5104166666666666,0.40625,0.34375,0.20833333333333334
2017-12-09,0.5208333333333334,0.4270833333333333,0.3645833333333333,0.22916666666666666
2017-12-23,0.4787234042553192,0.40425531914893614,0.3404255319148936,0.22340425531914893
2018-01-03,0.46875,0.3854166666666667,0.3229166666666667,0.20833333333333334
2018-01-20,0.47368421052631576,0.37894736842105264,0.30526315789473685,0.21052631578947367
2018-02-03,0.5208333333333334,0.4479166666666667,0.3541666666666667,0.21875
2018-02-17,0.5051546391752577,0.4020618556701031,0.30927835051546393,0.18556701030927836
2018-03-03,0.5510204081632653,0.45918367346938777,0.3469387755102041,0.21428571428571427
2018-03-17,0.6145833333333334,0.5208333333333334,0.4166666666666667,0.2604166666666667
2018-03-31,0.6,0.5157894736842106,0.35789473684210527,0.23157894736842105
2018-04-14,0.5106382978723404,0.4148936170212766,0.2765957446808511,0.18085106382978725
2018-04-28,0.5894736842105263,0.5157894736842106,0.3684210526315789,0.25263157894736843
2018-05-12,0.6382978723404256,0.5638297872340425,0.39361702127659576,0.2553191489361702
2018-05-26,0.6354166666666666,0.5416666666666666,0.34375,0.23958333333333334
2018-06-09,0.6458333333333334,0.53125,0.2916666666666667,0.19791666666666666
2018-06-23,0.5789473684210527,0.4631578947368421,0.2631578947368421,0.2
2018-07-07,0.5842696629213483,0.47191011235955055,0.25842696629213485,0.19101123595505617
2018-07-21,0.6373626373626373,0.4945054945054945,0.3076923076923077,0.18681318681318682
2018-08-04,0.46153846153846156,0.3516483516483517,0.18681318681318682,0.14285714285714285
2018-08-18,0.5263157894736842,0.4105263157894737,0.22105263157894736,0.1368421052631579
2018-09-01,0.4574468085106383,0.3723404255319149,0.19148936170212766,0.10638297872340426
2018-09-15,0.5591397849462365,0.4731182795698925,0.3118279569892473,0.21505376344086022
2018-09-29,0.5698924731182796,0.46236559139784944,0.3118279569892473,0.1935483870967742
2018-10-13,0.6021505376344086,0.5053763440860215,0.3978494623655914,0.26881720430107525
2018-10-27,0.6210526315789474,0.5157894736842106,0.3684210526315789,0.23157894736842105
2018-11-10,0.6170212765957447,0.5,0.3829787234042553,0.26595744680851063
2018-11-24,0.6210526315789474,0.5263157894736842,0.4,0.2631578947368421
2018-12-08,0.5638297872340425,0.48936170212765956,0.3617021276595745,0.2127659574468085
2018-12-22,0.5416666666666666,0.4375,0.3125,0.15625
2019-01-05,0.5154639175257731,0.422680412371134,0.29896907216494845,0.15463917525773196
2019-01-19,0.59375,0.4791666666666667,0.3541666666666667,0.20833333333333334
2019-02-02,0.6702127659574468,0.5212765957446809,0.3829787234042553,0.2127659574468085
2019-02-16,0.6185567010309279,0.4948453608247423,0.3711340206185567,0.21649484536082475
2019-03-02,0.6224489795918368,0.4897959183673469,0.336734693877551,0.16326530612244897
2019-03-16,0.6224489795918368,0.45918367346938777,0.30612244897959184,0.16326530612244897
2019-03-30,0.6122448979591837,0.46938775510204084,0.30612244897959184,0.15306122448979592
2019-04-13,0.5555555555555556,0.43434343434343436,0.2828282828282828,0.16161616161616163
2019-04-27,0.5252525252525253,0.41414141414141414,0.2828282828282828,0.16161616161616163
2019-05-11,0.5520833333333334,0.46875,0.3229166666666667,0.20833333333333334
2019-05-25,0.5263157894736842,0.42105263157894735,0.30526315789473685,0.17894736842105263
2019-06-08,0.5578947368421052,0.4842105263157895,0.3263157894736842,0.2
2019-06-22,0.5,0.4166666666666667,0.2708333333333333,0.125
2019-07-06,0.5263157894736842,0.4105263157894737,0.25263157894736843,0.12631578947368421
2019-07-20,0.5268817204301075,0.40860215053763443,0.25806451612903225,0.13978494623655913
2019-08-03,0.5268817204301075,0.40860215053763443,0.25806451612903225,0.12903225806451613
2019-08-17,0.5263157894736842,0.4105263157894737,0.25263157894736843,0.12631578947368421
2019-08-31,0.5,0.4270833333333333,0.28125,0.20833333333333334
2019-09-14,0.5,0.40816326530612246,0.2653061224489796,0.19387755102040816
2019-09-28,0.5252525252525253,0.43434343434343436,0.31313131313131315,0.1919191919191919
2019-10-12,0.5729166666666666,0.5,0.3958333333333333,0.28125
2019-10-26,0.5670103092783505,0.4845360824742268,0.38144329896907214,0.28865979381443296
2019-11-09,0.4639175257731959,0.3711340206185567,0.29896907216494845,0.21649484536082475
2019-11-23,0.4948453608247423,0.4329896907216495,0.32989690721649484,0.21649484536082475
2019-12-07,0.47368421052631576,0.42105263157894735,0.2736842105263158,0.18947368421052632
2019-12-21,0.44329896907216493,0.4020618556701031,0.26804123711340205,0.18556701030927836
2020-01-04,0.375,0.3333333333333333,0.23958333333333334,0.17708333333333334
2020-01-18,0.4791666666666667,0.4479166666666667,0.3541666666666667,0.23958333333333334
2020-02-01,0.5353535353535354,0.47474747474747475,0.37373737373737376,0.23232323232323232
2020-02-15,0.5252525252525253,0.45454545454545453,0.35353535353535354,0.21212121212121213
2020-02-29,0.47368421052631576,0.43157894736842106,0.3263157894736842,0.18947368421052632
2020-03-14,0.49473684210526314,0.45263157894736844,0.3157894736842105,0.18947368421052632
2020-03-28,0.6105263157894737,0.5578947368421052,0.43157894736842106,0.2631578947368421
2020-04-11,0.5319148936170213,0.46808510638297873,0.35106382978723405,0.19148936170212766
2020-04-25,0.5520833333333334,0.4791666666666667,0.3854166666666667,0.20833333333333334
2020-05-09,0.5463917525773195,0.4536082474226804,0.35051546391752575,0.17525773195876287
2020-05-23,0.5531914893617021,0.4574468085106383,0.35106382978723405,0.18085106382978725
2020-06-06,0.5894736842105263,0.5157894736842106,0.42105263157894735,0.22105263157894736
2020-06-20,0.5368421052631579,0.42105263157894735,0.3157894736842105,0.16842105263157894
2020-07-04,0.574468085106383,0.44680851063829785,0.35106382978723405,0.20212765957446807
2020-07-18,0.6451612903225806,0.4946236559139785,0.3655913978494624,0.23655913978494625
2020-08-01,0.6595744680851063,0.5,0.3617021276595745,0.22340425531914893
2020-08-15,0.6082474226804123,0.4329896907216495,0.31958762886597936,0.2268041237113402
2020-08-29,0.5638297872340425,0.43617021276595747,0.3191489361702128,0.19148936170212766
2020-09-12,0.5531914893617021,0.43617021276595747,0.30851063829787234,0.2127659574468085
2020-09-26,0.5531914893617021,0.46808510638297873,0.3617021276595745,0.23404255319148937
2020-10-10,0.5,0.4222222222222222,0.3111111111111111,0.17777777777777778
2020-10-24,0.5217391304347826,0.45652173913043476,0.31521739130434784,0.16304347826086957
2020-11-07,0.5,0.43617021276595747,0.2765957446808511,0.14893617021276595
2020-11-21,0.5543478260869565,0.5,0.358695652173913,0.21739130434782608
2020-12-05,0.4948453608247423,0.4329896907216495,0.28865979381443296,0.17525773195876287
2020-12-19,0.3917525773195876,0.36082474226804123,0.24742268041237114,0.13402061855670103
2021-01-02,0.38144329896907214,0.36082474226804123,0.2268041237113402,0.12371134020618557
2021-01-16,0.5204081632653061,0.47959183673469385,0.3163265306122449,0.17346938775510204
2021-01-30,0.5773195876288659,0.5257731958762887,0.30927835051546393,0.17525773195876287
2021-02-13,0.6020408163265306,0.5510204081632653,0.336734693877551,0.17346938775510204
2021-02-27,0.6122448979591837,0.5408163265306123,0.3469387755102041,0.20408163265306123
2021-03-13,0.5876288659793815,0.5360824742268041,0.3402061855670103,0.21649484536082475
2021-03-27,0.6,0.5368421052631579,0.35789473684210527,0.24210526315789474
2021-04-10,0.6632653061224489,0.6224489795918368,0.42857142857142855,0.25510204081632654
2021-04-24,0.6161616161616161,0.5353535353535354,0.36363636363636365,0.23232323232323232
2021-05-08,0.6145833333333334,0.53125,0.3541666666666667,0.19791666666666666
2021-05-22,0.6276595744680851,0.5531914893617021,0.3617021276595745,0.20212765957446807
2021-06-05,0.5977011494252874,0.4942528735632184,0.3333333333333333,0.21839080459770116
2021-06-19,0.6421052631578947,0.5368421052631579,0.4105263157894737,0.30526315789473685
2021-07-03,0.6021505376344086,0.4946236559139785,0.3548387096774194,0.25806451612903225
2021-07-17,0.5869565217391305,0.45652173913043476,0.2826086956521739,0.18478260869565216
2021-07-31,0.6129032258064516,0.4838709677419355,0.3118279569892473,0.20430107526881722
2021-08-14,0.5543478260869565,0.42391304347826086,0.2826086956521739,0.18478260869565216
2021-08-28,0.5824175824175825,0.45054945054945056,0.2857142857142857,0.17582417582417584
2021-09-11,0.4787234042553192,0.3723404255319149,0.19148936170212766,0.13829787234042554
2021-09-25,0.631578947368421,0.5157894736842106,0.3368421052631579,0.18947368421052632
2021-10-09,0.6804123711340206,0.6082474226804123,0.422680412371134,0.25773195876288657
2021-10-23,0.5714285714285714,0.47959183673469385,0.30612244897959184,0.19387755102040816
2021-11-06,0.5894736842105263,0.5052631578947369,0.30526315789473685,0.2
2021-11-20,0.6195652173913043,0.532608695652174,0.30434782608695654,0.22826086956521738
2021-12-04,0.4845360824742268,0.422680412371134,0.26804123711340205,0.18556701030927836
2021-12-18,0.4845360824742268,0.4329896907216495,0.27835051546391754,0.16494845360824742
2022-01-01,0.4375,0.3854166666666667,0.23958333333333334,0.17708333333333334
2022-01-15,0.5567010309278351,0.4639175257731959,0.26804123711340205,0.17525773195876287
2022-01-29,0.59375,0.5104166666666666,0.3333333333333333,0.21875
2022-02-12,0.5684210526315789,0.49473684210526314,0.28421052631578947,0.18947368421052632
2022-02-26,0.5604395604395604,0.4835164835164835,0.24175824175824176,0.16483516483516483
2022-03-12,0.5666666666666667,0.5,0.25555555555555554,0.15555555555555556
2022-03-26,0.6559139784946236,0.5806451612903226,0.3655913978494624,0.21505376344086022
2022-04-09,0.5955056179775281,0.4943820224719101,0.2808988764044944,0.19101123595505617
2022-04-23,0.6021505376344086,0.4838709677419355,0.26881720430107525,0.1935483870967742
2022-05-07,0.6236559139784946,0.5376344086021505,0.27956989247311825,0.1827956989247312
2022-05-21,0.5053763440860215,0.46236559139784944,0.25806451612903225,0.17204301075268819
2022-06-04,0.47959183673469385,0.41836734693877553,0.25510204081632654,0.20408163265306123
2022-06-18,0.5051546391752577,0.4329896907216495,0.25773195876288657,0.17525773195876287
2022-07-02,0.4375,0.3645833333333333,0.20833333333333334,0.16666666666666666
2022-07-16,0.4791666666666667,0.3958333333333333,0.21875,0.16666666666666666
2022-07-30,0.4791666666666667,0.4166666666666667,0.22916666666666666,0.17708333333333334
2022-08-13,0.46236559139784944,0.3763440860215054,0.23655913978494625,0.16129032258064516
2022-08-27,0.5473684210526316,0.43157894736842106,0.2736842105263158,0.17894736842105263
2022-09-10,0.4787234042553192,0.3617021276595745,0.20212765957446807,0.14893617021276595
2022-09-24,0.4791666666666667,0.375,0.1875,0.13541666666666666
2022-10-08,0.4387755102040816,0.35714285714285715,0.19387755102040816,0.1326530612244898
2022-10-22,0.4897959183673469,0.3673469387755102,0.20408163265306123,0.14285714285714285
2022-11-05,0.494949494949495,0.40404040404040403,0.23232323232323232,0.16161616161616163
2022-11-19,0.58,0.5,0.32,0.23
2022-12-03,0.55,0.48,0.32,0.22
2022-12-17,0.5,0.4166666666666667,0.23958333333333334,0.15625
2022-12-31,0.45161290322580644,0.3655913978494624,0.1827956989247312,0.10752688172043011
2023-01-14,0.5684210526315789,0.45263157894736844,0.2631578947368421,0.18947368421052632
2023-01-28,0.5106382978723404,0.40425531914893614,0.2127659574468085,0.14893617021276595
2023-02-11,0.5108695652173914,0.41304347826086957,0.22826086956521738,0.14130434782608695
2023-02-25,0.5217391304347826,0.44565217391304346,0.22826086956521738,0.15217391304347827
2023-03-11,0.5274725274725275,0.45054945054945056,0.26373626373626374,0.18681318681318682
2023-03-25,0.6043956043956044,0.46153846153846156,0.21978021978021978,0.14285714285714285
2023-04-08,0.5555555555555556,0.4444444444444444,0.23333333333333334,0.16666666666666666
2023-04-22,0.5393258426966292,0.449438202247191,0.25842696629213485,0.1797752808988764
2023-05-06,0.5340909090909091,0.42045454545454547,0.25,0.1590909090909091
2023-05-20,0.5681818181818182,0.45454545454545453,0.2727272727272727,0.18181818181818182
2023-06-03,0.5730337078651685,0.449438202247191,0.23595505617977527,0.15730337078651685
2023-06-17,0.5393258426966292,0.4157303370786517,0.2247191011235955,0.14606741573033707
2023-07-01,0.6067415730337079,0.47191011235955055,0.2696629213483146,0.1348314606741573
2023-07-15,0.6043956043956044,0.46153846153846156,0.2967032967032967,0.1978021978021978
2023-07-29,0.4945054945054945,0.3626373626373626,0.2087912087912088,0.12087912087912088
2023-08-12,0.648936170212766,0.5212765957446809,0.26595744680851063,0.13829787234042554
2023-08-26,0.5894736842105263,0.43157894736842106,0.25263157894736843,0.14736842105263157
2023-09-09,0.6458333333333334,0.46875,0.23958333333333334,0.13541666666666666
2023-09-23,0.6210526315789474,0.43157894736842106,0.24210526315789474,0.11578947368421053
2023-10-07,0.6702127659574468,0.46808510638297873,0.2765957446808511,0.1276595744680851
2023-10-21,0.6666666666666666,0.5104166666666666,0.3541666666666667,0.21875
2023-11-04,0.5979381443298969,0.44329896907216493,0.27835051546391754,0.15463917525773196
2023-11-18,0.47368421052631576,0.3473684210526316,0.21052631578947367,0.11578947368421053
2023-12-02,0.5154639175257731,0.422680412371134,0.27835051546391754,0.18556701030927836
2023-12-16,0.4166666666666667,0.34375,0.22916666666666666,0.13541666666666666
2023-12-30,0.3225806451612903,0.26881720430107525,0.13978494623655913,0.10752688172043011
